-- MySQL dump 10.13  Distrib 9.6.0, for macos26.2 (arm64)
--
-- Host: localhost    Database: medisync
-- ------------------------------------------------------
-- Server version	9.6.0

/*!40101 SET @OLD_CHARACTER_SET_CLIENT=@@CHARACTER_SET_CLIENT */;
/*!40101 SET @OLD_CHARACTER_SET_RESULTS=@@CHARACTER_SET_RESULTS */;
/*!40101 SET @OLD_COLLATION_CONNECTION=@@COLLATION_CONNECTION */;
/*!50503 SET NAMES utf8mb4 */;
/*!40103 SET @OLD_TIME_ZONE=@@TIME_ZONE */;
/*!40103 SET TIME_ZONE='+00:00' */;
/*!40014 SET @OLD_UNIQUE_CHECKS=@@UNIQUE_CHECKS, UNIQUE_CHECKS=0 */;
/*!40014 SET @OLD_FOREIGN_KEY_CHECKS=@@FOREIGN_KEY_CHECKS, FOREIGN_KEY_CHECKS=0 */;
/*!40101 SET @OLD_SQL_MODE=@@SQL_MODE, SQL_MODE='NO_AUTO_VALUE_ON_ZERO' */;
/*!40111 SET @OLD_SQL_NOTES=@@SQL_NOTES, SQL_NOTES=0 */;
SET @MYSQLDUMP_TEMP_LOG_BIN = @@SESSION.SQL_LOG_BIN;
SET @@SESSION.SQL_LOG_BIN= 0;

--
-- GTID state at the beginning of the backup 
--

SET @@GLOBAL.GTID_PURGED=/*!80000 '+'*/ 'b1aa5616-23bc-11f1-bafd-1c43fb25c56f:1-561';

--
-- Temporary view structure for view `appointment_details`
--

DROP TABLE IF EXISTS `appointment_details`;
/*!50001 DROP VIEW IF EXISTS `appointment_details`*/;
SET @saved_cs_client     = @@character_set_client;
/*!50503 SET character_set_client = utf8mb4 */;
/*!50001 CREATE VIEW `appointment_details` AS SELECT 
 1 AS `id`,
 1 AS `patient`,
 1 AS `doctor`,
 1 AS `specialization`,
 1 AS `date`,
 1 AS `start_time`,
 1 AS `end_time`,
 1 AS `status`*/;
SET character_set_client = @saved_cs_client;

--
-- Table structure for table `appointments`
--

DROP TABLE IF EXISTS `appointments`;
/*!40101 SET @saved_cs_client     = @@character_set_client */;
/*!50503 SET character_set_client = utf8mb4 */;
CREATE TABLE `appointments` (
  `id` int NOT NULL AUTO_INCREMENT,
  `patient_id` int NOT NULL,
  `doctor_id` int NOT NULL,
  `slot_id` int NOT NULL,
  `status` enum('booked','cancelled','completed') DEFAULT 'booked',
  `created_at` timestamp NULL DEFAULT CURRENT_TIMESTAMP,
  `appointment_date` date NOT NULL,
  PRIMARY KEY (`id`),
  UNIQUE KEY `unique_slot_booking` (`slot_id`),
  KEY `patient_id` (`patient_id`),
  KEY `fk_doctor` (`doctor_id`),
  CONSTRAINT `fk_doctor` FOREIGN KEY (`doctor_id`) REFERENCES `doctors` (`id`) ON DELETE CASCADE,
  CONSTRAINT `fk_slot` FOREIGN KEY (`slot_id`) REFERENCES `availability_slots` (`id`) ON DELETE CASCADE
) ENGINE=InnoDB AUTO_INCREMENT=22 DEFAULT CHARSET=utf8mb4 COLLATE=utf8mb4_0900_ai_ci;
/*!40101 SET character_set_client = @saved_cs_client */;

--
-- Dumping data for table `appointments`
--

LOCK TABLES `appointments` WRITE;
/*!40000 ALTER TABLE `appointments` DISABLE KEYS */;
INSERT INTO `appointments` VALUES (1,1,1,1,'booked','2026-03-19 18:21:59','2026-03-19'),(2,2,2,10,'booked','2026-03-19 18:21:59','2026-03-20'),(3,3,3,20,'booked','2026-03-19 18:21:59','2026-03-22'),(4,1,2,30,'booked','2026-03-19 18:21:59','2026-03-23'),(5,2,1,40,'booked','2026-03-19 18:21:59','2026-03-25'),(7,8,1,37,'booked','2026-03-20 06:27:08','2026-03-25'),(8,10,1,38,'booked','2026-03-20 06:42:52','2026-03-25'),(9,19,1,39,'booked','2026-03-20 16:21:01','2026-03-25'),(10,21,1,42,'booked','2026-03-20 16:28:31','2026-03-25'),(11,52,1,41,'booked','2026-03-20 16:36:28','2026-03-25'),(14,70,1,44,'booked','2026-03-23 14:34:13','2026-03-26'),(21,71,1,46,'cancelled','2026-03-23 15:15:55','2026-03-26');
/*!40000 ALTER TABLE `appointments` ENABLE KEYS */;
UNLOCK TABLES;

--
-- Table structure for table `availability_slots`
--

DROP TABLE IF EXISTS `availability_slots`;
/*!40101 SET @saved_cs_client     = @@character_set_client */;
/*!50503 SET character_set_client = utf8mb4 */;
CREATE TABLE `availability_slots` (
  `id` int NOT NULL AUTO_INCREMENT,
  `doctor_id` int NOT NULL,
  `date` date NOT NULL,
  `start_time` time NOT NULL,
  `end_time` time NOT NULL,
  `is_booked` tinyint(1) DEFAULT '0',
  PRIMARY KEY (`id`),
  UNIQUE KEY `unique_slot` (`doctor_id`,`date`,`start_time`),
  CONSTRAINT `availability_slots_ibfk_1` FOREIGN KEY (`doctor_id`) REFERENCES `doctors` (`id`) ON DELETE CASCADE
) ENGINE=InnoDB AUTO_INCREMENT=1111 DEFAULT CHARSET=utf8mb4 COLLATE=utf8mb4_0900_ai_ci;
/*!40101 SET character_set_client = @saved_cs_client */;

--
-- Dumping data for table `availability_slots`
--

LOCK TABLES `availability_slots` WRITE;
/*!40000 ALTER TABLE `availability_slots` DISABLE KEYS */;
INSERT INTO `availability_slots` VALUES (1,1,'2026-03-19','09:00:00','09:30:00',1),(2,1,'2026-03-19','09:30:00','10:00:00',0),(3,1,'2026-03-19','10:00:00','10:30:00',0),(4,1,'2026-03-19','10:30:00','11:00:00',0),(5,1,'2026-03-19','11:00:00','11:30:00',0),(6,1,'2026-03-19','11:30:00','12:00:00',0),(7,1,'2026-03-20','09:00:00','09:30:00',0),(8,1,'2026-03-20','09:30:00','10:00:00',0),(9,1,'2026-03-20','10:00:00','10:30:00',0),(10,1,'2026-03-20','10:30:00','11:00:00',1),(11,1,'2026-03-20','11:00:00','11:30:00',0),(12,1,'2026-03-20','11:30:00','12:00:00',0),(13,1,'2026-03-21','09:00:00','09:30:00',0),(14,1,'2026-03-21','09:30:00','10:00:00',0),(15,1,'2026-03-21','10:00:00','10:30:00',0),(16,1,'2026-03-21','10:30:00','11:00:00',0),(17,1,'2026-03-21','11:00:00','11:30:00',0),(18,1,'2026-03-21','11:30:00','12:00:00',1),(19,1,'2026-03-22','09:00:00','09:30:00',0),(20,1,'2026-03-22','09:30:00','10:00:00',1),(21,1,'2026-03-22','10:00:00','10:30:00',0),(22,1,'2026-03-22','10:30:00','11:00:00',0),(23,1,'2026-03-22','11:00:00','11:30:00',0),(24,1,'2026-03-22','11:30:00','12:00:00',0),(25,1,'2026-03-23','09:00:00','09:30:00',0),(26,1,'2026-03-23','09:30:00','10:00:00',0),(27,1,'2026-03-23','10:00:00','10:30:00',0),(28,1,'2026-03-23','10:30:00','11:00:00',0),(29,1,'2026-03-23','11:00:00','11:30:00',0),(30,1,'2026-03-23','11:30:00','12:00:00',1),(31,1,'2026-03-24','09:00:00','09:30:00',0),(32,1,'2026-03-24','09:30:00','10:00:00',0),(33,1,'2026-03-24','10:00:00','10:30:00',0),(34,1,'2026-03-24','10:30:00','11:00:00',0),(35,1,'2026-03-24','11:00:00','11:30:00',0),(36,1,'2026-03-24','11:30:00','12:00:00',0),(37,1,'2026-03-25','09:00:00','09:30:00',1),(38,1,'2026-03-25','09:30:00','10:00:00',1),(39,1,'2026-03-25','10:00:00','10:30:00',1),(40,1,'2026-03-25','10:30:00','11:00:00',1),(41,1,'2026-03-25','11:00:00','11:30:00',1),(42,1,'2026-03-25','11:30:00','12:00:00',1),(43,1,'2026-03-26','09:00:00','09:30:00',0),(44,1,'2026-03-26','09:30:00','10:00:00',1),(45,1,'2026-03-26','10:00:00','10:30:00',0),(46,1,'2026-03-26','10:30:00','11:00:00',0),(47,1,'2026-03-26','11:00:00','11:30:00',0),(48,1,'2026-03-26','11:30:00','12:00:00',0),(49,1,'2026-03-27','09:00:00','09:30:00',1),(50,1,'2026-03-27','09:30:00','10:00:00',1),(51,1,'2026-03-27','10:00:00','10:30:00',0),(52,1,'2026-03-27','10:30:00','11:00:00',1),(53,1,'2026-03-27','11:00:00','11:30:00',0),(54,1,'2026-03-27','11:30:00','12:00:00',0),(55,1,'2026-03-28','09:00:00','09:30:00',0),(56,1,'2026-03-28','09:30:00','10:00:00',0),(57,1,'2026-03-28','10:00:00','10:30:00',0),(58,1,'2026-03-28','10:30:00','11:00:00',0),(59,1,'2026-03-28','11:00:00','11:30:00',0),(60,1,'2026-03-28','11:30:00','12:00:00',0),(61,1,'2026-03-29','09:00:00','09:30:00',0),(62,1,'2026-03-29','09:30:00','10:00:00',0),(63,1,'2026-03-29','10:00:00','10:30:00',0),(64,1,'2026-03-29','10:30:00','11:00:00',0),(65,1,'2026-03-29','11:00:00','11:30:00',0),(66,1,'2026-03-29','11:30:00','12:00:00',0),(67,1,'2026-03-30','09:00:00','09:30:00',0),(68,1,'2026-03-30','09:30:00','10:00:00',0),(69,1,'2026-03-30','10:00:00','10:30:00',0),(70,1,'2026-03-30','10:30:00','11:00:00',0),(71,1,'2026-03-30','11:00:00','11:30:00',0),(72,1,'2026-03-30','11:30:00','12:00:00',0),(73,1,'2026-03-31','09:00:00','09:30:00',0),(74,1,'2026-03-31','09:30:00','10:00:00',0),(75,1,'2026-03-31','10:00:00','10:30:00',0),(76,1,'2026-03-31','10:30:00','11:00:00',0),(77,1,'2026-03-31','11:00:00','11:30:00',0),(78,1,'2026-03-31','11:30:00','12:00:00',0),(79,1,'2026-04-01','09:00:00','09:30:00',0),(80,1,'2026-04-01','09:30:00','10:00:00',0),(81,1,'2026-04-01','10:00:00','10:30:00',0),(82,1,'2026-04-01','10:30:00','11:00:00',0),(83,1,'2026-04-01','11:00:00','11:30:00',0),(84,1,'2026-04-01','11:30:00','12:00:00',0),(85,1,'2026-04-02','09:00:00','09:30:00',0),(86,1,'2026-04-02','09:30:00','10:00:00',0),(87,1,'2026-04-02','10:00:00','10:30:00',0),(88,1,'2026-04-02','10:30:00','11:00:00',0),(89,1,'2026-04-02','11:00:00','11:30:00',0),(90,1,'2026-04-02','11:30:00','12:00:00',0),(91,1,'2026-04-03','09:00:00','09:30:00',0),(92,1,'2026-04-03','09:30:00','10:00:00',0),(93,1,'2026-04-03','10:00:00','10:30:00',0),(94,1,'2026-04-03','10:30:00','11:00:00',0),(95,1,'2026-04-03','11:00:00','11:30:00',0),(96,1,'2026-04-03','11:30:00','12:00:00',0),(97,1,'2026-04-04','09:00:00','09:30:00',0),(98,1,'2026-04-04','09:30:00','10:00:00',0),(99,1,'2026-04-04','10:00:00','10:30:00',0),(100,1,'2026-04-04','10:30:00','11:00:00',0),(101,1,'2026-04-04','11:00:00','11:30:00',0),(102,1,'2026-04-04','11:30:00','12:00:00',0),(103,1,'2026-04-05','09:00:00','09:30:00',0),(104,1,'2026-04-05','09:30:00','10:00:00',0),(105,1,'2026-04-05','10:00:00','10:30:00',0),(106,1,'2026-04-05','10:30:00','11:00:00',0),(107,1,'2026-04-05','11:00:00','11:30:00',0),(108,1,'2026-04-05','11:30:00','12:00:00',0),(109,1,'2026-04-06','09:00:00','09:30:00',0),(110,1,'2026-04-06','09:30:00','10:00:00',0),(111,1,'2026-04-06','10:00:00','10:30:00',0),(112,1,'2026-04-06','10:30:00','11:00:00',0),(113,1,'2026-04-06','11:00:00','11:30:00',0),(114,1,'2026-04-06','11:30:00','12:00:00',0),(115,1,'2026-04-07','09:00:00','09:30:00',0),(116,1,'2026-04-07','09:30:00','10:00:00',0),(117,1,'2026-04-07','10:00:00','10:30:00',0),(118,1,'2026-04-07','10:30:00','11:00:00',0),(119,1,'2026-04-07','11:00:00','11:30:00',0),(120,1,'2026-04-07','11:30:00','12:00:00',0),(121,1,'2026-04-08','09:00:00','09:30:00',0),(122,1,'2026-04-08','09:30:00','10:00:00',0),(123,1,'2026-04-08','10:00:00','10:30:00',0),(124,1,'2026-04-08','10:30:00','11:00:00',0),(125,1,'2026-04-08','11:00:00','11:30:00',0),(126,1,'2026-04-08','11:30:00','12:00:00',0),(127,1,'2026-04-09','09:00:00','09:30:00',0),(128,1,'2026-04-09','09:30:00','10:00:00',0),(129,1,'2026-04-09','10:00:00','10:30:00',0),(130,1,'2026-04-09','10:30:00','11:00:00',0),(131,1,'2026-04-09','11:00:00','11:30:00',0),(132,1,'2026-04-09','11:30:00','12:00:00',0),(133,1,'2026-04-10','09:00:00','09:30:00',0),(134,1,'2026-04-10','09:30:00','10:00:00',0),(135,1,'2026-04-10','10:00:00','10:30:00',0),(136,1,'2026-04-10','10:30:00','11:00:00',0),(137,1,'2026-04-10','11:00:00','11:30:00',0),(138,1,'2026-04-10','11:30:00','12:00:00',0),(139,1,'2026-04-11','09:00:00','09:30:00',0),(140,1,'2026-04-11','09:30:00','10:00:00',0),(141,1,'2026-04-11','10:00:00','10:30:00',0),(142,1,'2026-04-11','10:30:00','11:00:00',0),(143,1,'2026-04-11','11:00:00','11:30:00',0),(144,1,'2026-04-11','11:30:00','12:00:00',0),(145,1,'2026-04-12','09:00:00','09:30:00',0),(146,1,'2026-04-12','09:30:00','10:00:00',0),(147,1,'2026-04-12','10:00:00','10:30:00',0),(148,1,'2026-04-12','10:30:00','11:00:00',0),(149,1,'2026-04-12','11:00:00','11:30:00',0),(150,1,'2026-04-12','11:30:00','12:00:00',0),(151,1,'2026-04-13','09:00:00','09:30:00',0),(152,1,'2026-04-13','09:30:00','10:00:00',0),(153,1,'2026-04-13','10:00:00','10:30:00',0),(154,1,'2026-04-13','10:30:00','11:00:00',0),(155,1,'2026-04-13','11:00:00','11:30:00',0),(156,1,'2026-04-13','11:30:00','12:00:00',0),(157,1,'2026-04-14','09:00:00','09:30:00',0),(158,1,'2026-04-14','09:30:00','10:00:00',0),(159,1,'2026-04-14','10:00:00','10:30:00',0),(160,1,'2026-04-14','10:30:00','11:00:00',0),(161,1,'2026-04-14','11:00:00','11:30:00',0),(162,1,'2026-04-14','11:30:00','12:00:00',0),(163,1,'2026-04-15','09:00:00','09:30:00',0),(164,1,'2026-04-15','09:30:00','10:00:00',0),(165,1,'2026-04-15','10:00:00','10:30:00',0),(166,1,'2026-04-15','10:30:00','11:00:00',0),(167,1,'2026-04-15','11:00:00','11:30:00',0),(168,1,'2026-04-15','11:30:00','12:00:00',0),(169,1,'2026-04-16','09:00:00','09:30:00',0),(170,1,'2026-04-16','09:30:00','10:00:00',0),(171,1,'2026-04-16','10:00:00','10:30:00',0),(172,1,'2026-04-16','10:30:00','11:00:00',0),(173,1,'2026-04-16','11:00:00','11:30:00',0),(174,1,'2026-04-16','11:30:00','12:00:00',0),(175,1,'2026-04-17','09:00:00','09:30:00',0),(176,1,'2026-04-17','09:30:00','10:00:00',0),(177,1,'2026-04-17','10:00:00','10:30:00',0),(178,1,'2026-04-17','10:30:00','11:00:00',0),(179,1,'2026-04-17','11:00:00','11:30:00',0),(180,1,'2026-04-17','11:30:00','12:00:00',0),(181,1,'2026-04-18','09:00:00','09:30:00',0),(182,1,'2026-04-18','09:30:00','10:00:00',0),(183,1,'2026-04-18','10:00:00','10:30:00',0),(184,1,'2026-04-18','10:30:00','11:00:00',0),(185,1,'2026-04-18','11:00:00','11:30:00',0),(186,1,'2026-04-18','11:30:00','12:00:00',0),(187,1,'2026-04-19','09:00:00','09:30:00',0),(188,1,'2026-04-19','09:30:00','10:00:00',0),(189,1,'2026-04-19','10:00:00','10:30:00',0),(190,1,'2026-04-19','10:30:00','11:00:00',0),(191,1,'2026-04-19','11:00:00','11:30:00',0),(192,1,'2026-04-19','11:30:00','12:00:00',0),(193,1,'2026-04-20','09:00:00','09:30:00',0),(194,1,'2026-04-20','09:30:00','10:00:00',0),(195,1,'2026-04-20','10:00:00','10:30:00',0),(196,1,'2026-04-20','10:30:00','11:00:00',0),(197,1,'2026-04-20','11:00:00','11:30:00',0),(198,1,'2026-04-20','11:30:00','12:00:00',0),(199,1,'2026-04-21','09:00:00','09:30:00',0),(200,1,'2026-04-21','09:30:00','10:00:00',0),(201,1,'2026-04-21','10:00:00','10:30:00',0),(202,1,'2026-04-21','10:30:00','11:00:00',0),(203,1,'2026-04-21','11:00:00','11:30:00',0),(204,1,'2026-04-21','11:30:00','12:00:00',0),(205,1,'2026-04-22','09:00:00','09:30:00',0),(206,1,'2026-04-22','09:30:00','10:00:00',0),(207,1,'2026-04-22','10:00:00','10:30:00',0),(208,1,'2026-04-22','10:30:00','11:00:00',0),(209,1,'2026-04-22','11:00:00','11:30:00',0),(210,1,'2026-04-22','11:30:00','12:00:00',0),(211,1,'2026-04-23','09:00:00','09:30:00',0),(212,1,'2026-04-23','09:30:00','10:00:00',0),(213,1,'2026-04-23','10:00:00','10:30:00',0),(214,1,'2026-04-23','10:30:00','11:00:00',0),(215,1,'2026-04-23','11:00:00','11:30:00',0),(216,1,'2026-04-23','11:30:00','12:00:00',0),(217,1,'2026-04-24','09:00:00','09:30:00',0),(218,1,'2026-04-24','09:30:00','10:00:00',0),(219,1,'2026-04-24','10:00:00','10:30:00',0),(220,1,'2026-04-24','10:30:00','11:00:00',0),(221,1,'2026-04-24','11:00:00','11:30:00',0),(222,1,'2026-04-24','11:30:00','12:00:00',0),(223,1,'2026-04-25','09:00:00','09:30:00',0),(224,1,'2026-04-25','09:30:00','10:00:00',0),(225,1,'2026-04-25','10:00:00','10:30:00',0),(226,1,'2026-04-25','10:30:00','11:00:00',0),(227,1,'2026-04-25','11:00:00','11:30:00',0),(228,1,'2026-04-25','11:30:00','12:00:00',0),(229,1,'2026-04-26','09:00:00','09:30:00',0),(230,1,'2026-04-26','09:30:00','10:00:00',0),(231,1,'2026-04-26','10:00:00','10:30:00',0),(232,1,'2026-04-26','10:30:00','11:00:00',0),(233,1,'2026-04-26','11:00:00','11:30:00',0),(234,1,'2026-04-26','11:30:00','12:00:00',0),(235,1,'2026-04-27','09:00:00','09:30:00',0),(236,1,'2026-04-27','09:30:00','10:00:00',0),(237,1,'2026-04-27','10:00:00','10:30:00',0),(238,1,'2026-04-27','10:30:00','11:00:00',0),(239,1,'2026-04-27','11:00:00','11:30:00',0),(240,1,'2026-04-27','11:30:00','12:00:00',0),(241,1,'2026-04-28','09:00:00','09:30:00',0),(242,1,'2026-04-28','09:30:00','10:00:00',0),(243,1,'2026-04-28','10:00:00','10:30:00',0),(244,1,'2026-04-28','10:30:00','11:00:00',0),(245,1,'2026-04-28','11:00:00','11:30:00',0),(246,1,'2026-04-28','11:30:00','12:00:00',0),(247,1,'2026-04-29','09:00:00','09:30:00',0),(248,1,'2026-04-29','09:30:00','10:00:00',0),(249,1,'2026-04-29','10:00:00','10:30:00',0),(250,1,'2026-04-29','10:30:00','11:00:00',0),(251,1,'2026-04-29','11:00:00','11:30:00',0),(252,1,'2026-04-29','11:30:00','12:00:00',0),(253,1,'2026-04-30','09:00:00','09:30:00',0),(254,1,'2026-04-30','09:30:00','10:00:00',0),(255,1,'2026-04-30','10:00:00','10:30:00',0),(256,1,'2026-04-30','10:30:00','11:00:00',0),(257,1,'2026-04-30','11:00:00','11:30:00',0),(258,1,'2026-04-30','11:30:00','12:00:00',0),(259,1,'2026-05-01','09:00:00','09:30:00',0),(260,1,'2026-05-01','09:30:00','10:00:00',0),(261,1,'2026-05-01','10:00:00','10:30:00',0),(262,1,'2026-05-01','10:30:00','11:00:00',0),(263,1,'2026-05-01','11:00:00','11:30:00',0),(264,1,'2026-05-01','11:30:00','12:00:00',0),(265,1,'2026-05-02','09:00:00','09:30:00',0),(266,1,'2026-05-02','09:30:00','10:00:00',0),(267,1,'2026-05-02','10:00:00','10:30:00',0),(268,1,'2026-05-02','10:30:00','11:00:00',0),(269,1,'2026-05-02','11:00:00','11:30:00',0),(270,1,'2026-05-02','11:30:00','12:00:00',0),(271,1,'2026-05-03','09:00:00','09:30:00',0),(272,1,'2026-05-03','09:30:00','10:00:00',0),(273,1,'2026-05-03','10:00:00','10:30:00',0),(274,1,'2026-05-03','10:30:00','11:00:00',0),(275,1,'2026-05-03','11:00:00','11:30:00',0),(276,1,'2026-05-03','11:30:00','12:00:00',0),(277,1,'2026-05-04','09:00:00','09:30:00',0),(278,1,'2026-05-04','09:30:00','10:00:00',0),(279,1,'2026-05-04','10:00:00','10:30:00',0),(280,1,'2026-05-04','10:30:00','11:00:00',0),(281,1,'2026-05-04','11:00:00','11:30:00',0),(282,1,'2026-05-04','11:30:00','12:00:00',0),(283,1,'2026-05-05','09:00:00','09:30:00',0),(284,1,'2026-05-05','09:30:00','10:00:00',0),(285,1,'2026-05-05','10:00:00','10:30:00',0),(286,1,'2026-05-05','10:30:00','11:00:00',0),(287,1,'2026-05-05','11:00:00','11:30:00',0),(288,1,'2026-05-05','11:30:00','12:00:00',0),(289,1,'2026-05-06','09:00:00','09:30:00',0),(290,1,'2026-05-06','09:30:00','10:00:00',0),(291,1,'2026-05-06','10:00:00','10:30:00',0),(292,1,'2026-05-06','10:30:00','11:00:00',0),(293,1,'2026-05-06','11:00:00','11:30:00',0),(294,1,'2026-05-06','11:30:00','12:00:00',0),(295,1,'2026-05-07','09:00:00','09:30:00',0),(296,1,'2026-05-07','09:30:00','10:00:00',0),(297,1,'2026-05-07','10:00:00','10:30:00',0),(298,1,'2026-05-07','10:30:00','11:00:00',0),(299,1,'2026-05-07','11:00:00','11:30:00',0),(300,1,'2026-05-07','11:30:00','12:00:00',0),(301,1,'2026-05-08','09:00:00','09:30:00',0),(302,1,'2026-05-08','09:30:00','10:00:00',0),(303,1,'2026-05-08','10:00:00','10:30:00',0),(304,1,'2026-05-08','10:30:00','11:00:00',0),(305,1,'2026-05-08','11:00:00','11:30:00',0),(306,1,'2026-05-08','11:30:00','12:00:00',0),(307,1,'2026-05-09','09:00:00','09:30:00',0),(308,1,'2026-05-09','09:30:00','10:00:00',0),(309,1,'2026-05-09','10:00:00','10:30:00',0),(310,1,'2026-05-09','10:30:00','11:00:00',0),(311,1,'2026-05-09','11:00:00','11:30:00',0),(312,1,'2026-05-09','11:30:00','12:00:00',0),(313,1,'2026-05-10','09:00:00','09:30:00',0),(314,1,'2026-05-10','09:30:00','10:00:00',0),(315,1,'2026-05-10','10:00:00','10:30:00',0),(316,1,'2026-05-10','10:30:00','11:00:00',0),(317,1,'2026-05-10','11:00:00','11:30:00',0),(318,1,'2026-05-10','11:30:00','12:00:00',0),(319,1,'2026-05-11','09:00:00','09:30:00',0),(320,1,'2026-05-11','09:30:00','10:00:00',0),(321,1,'2026-05-11','10:00:00','10:30:00',0),(322,1,'2026-05-11','10:30:00','11:00:00',0),(323,1,'2026-05-11','11:00:00','11:30:00',0),(324,1,'2026-05-11','11:30:00','12:00:00',0),(325,1,'2026-05-12','09:00:00','09:30:00',0),(326,1,'2026-05-12','09:30:00','10:00:00',0),(327,1,'2026-05-12','10:00:00','10:30:00',0),(328,1,'2026-05-12','10:30:00','11:00:00',0),(329,1,'2026-05-12','11:00:00','11:30:00',0),(330,1,'2026-05-12','11:30:00','12:00:00',0),(331,1,'2026-05-13','09:00:00','09:30:00',0),(332,1,'2026-05-13','09:30:00','10:00:00',0),(333,1,'2026-05-13','10:00:00','10:30:00',0),(334,1,'2026-05-13','10:30:00','11:00:00',0),(335,1,'2026-05-13','11:00:00','11:30:00',0),(336,1,'2026-05-13','11:30:00','12:00:00',0),(337,1,'2026-05-14','09:00:00','09:30:00',0),(338,1,'2026-05-14','09:30:00','10:00:00',0),(339,1,'2026-05-14','10:00:00','10:30:00',0),(340,1,'2026-05-14','10:30:00','11:00:00',0),(341,1,'2026-05-14','11:00:00','11:30:00',0),(342,1,'2026-05-14','11:30:00','12:00:00',0),(343,1,'2026-05-15','09:00:00','09:30:00',0),(344,1,'2026-05-15','09:30:00','10:00:00',0),(345,1,'2026-05-15','10:00:00','10:30:00',0),(346,1,'2026-05-15','10:30:00','11:00:00',0),(347,1,'2026-05-15','11:00:00','11:30:00',0),(348,1,'2026-05-15','11:30:00','12:00:00',0),(349,1,'2026-05-16','09:00:00','09:30:00',0),(350,1,'2026-05-16','09:30:00','10:00:00',0),(351,1,'2026-05-16','10:00:00','10:30:00',0),(352,1,'2026-05-16','10:30:00','11:00:00',0),(353,1,'2026-05-16','11:00:00','11:30:00',0),(354,1,'2026-05-16','11:30:00','12:00:00',0),(355,1,'2026-05-17','09:00:00','09:30:00',0),(356,1,'2026-05-17','09:30:00','10:00:00',0),(357,1,'2026-05-17','10:00:00','10:30:00',0),(358,1,'2026-05-17','10:30:00','11:00:00',0),(359,1,'2026-05-17','11:00:00','11:30:00',0),(360,1,'2026-05-17','11:30:00','12:00:00',0),(361,1,'2026-05-18','09:00:00','09:30:00',0),(362,1,'2026-05-18','09:30:00','10:00:00',0),(363,1,'2026-05-18','10:00:00','10:30:00',0),(364,1,'2026-05-18','10:30:00','11:00:00',0),(365,1,'2026-05-18','11:00:00','11:30:00',0),(366,1,'2026-05-18','11:30:00','12:00:00',0),(367,1,'2026-05-19','09:00:00','09:30:00',0),(368,1,'2026-05-19','09:30:00','10:00:00',0),(369,1,'2026-05-19','10:00:00','10:30:00',0),(370,1,'2026-05-19','10:30:00','11:00:00',0),(371,1,'2026-05-19','11:00:00','11:30:00',0),(372,1,'2026-05-19','11:30:00','12:00:00',0),(373,1,'2026-05-20','09:00:00','09:30:00',0),(374,1,'2026-05-20','09:30:00','10:00:00',0),(375,1,'2026-05-20','10:00:00','10:30:00',0),(376,1,'2026-05-20','10:30:00','11:00:00',0),(377,1,'2026-05-20','11:00:00','11:30:00',0),(378,1,'2026-05-20','11:30:00','12:00:00',0),(379,1,'2026-05-21','09:00:00','09:30:00',0),(380,1,'2026-05-21','09:30:00','10:00:00',0),(381,1,'2026-05-21','10:00:00','10:30:00',0),(382,1,'2026-05-21','10:30:00','11:00:00',0),(383,1,'2026-05-21','11:00:00','11:30:00',0),(384,1,'2026-05-21','11:30:00','12:00:00',0),(385,1,'2026-05-22','09:00:00','09:30:00',0),(386,1,'2026-05-22','09:30:00','10:00:00',0),(387,1,'2026-05-22','10:00:00','10:30:00',0),(388,1,'2026-05-22','10:30:00','11:00:00',0),(389,1,'2026-05-22','11:00:00','11:30:00',0),(390,1,'2026-05-22','11:30:00','12:00:00',0),(391,1,'2026-05-23','09:00:00','09:30:00',0),(392,1,'2026-05-23','09:30:00','10:00:00',0),(393,1,'2026-05-23','10:00:00','10:30:00',0),(394,1,'2026-05-23','10:30:00','11:00:00',0),(395,1,'2026-05-23','11:00:00','11:30:00',0),(396,1,'2026-05-23','11:30:00','12:00:00',0),(397,1,'2026-05-24','09:00:00','09:30:00',0),(398,1,'2026-05-24','09:30:00','10:00:00',0),(399,1,'2026-05-24','10:00:00','10:30:00',0),(400,1,'2026-05-24','10:30:00','11:00:00',0),(401,1,'2026-05-24','11:00:00','11:30:00',0),(402,1,'2026-05-24','11:30:00','12:00:00',0),(403,1,'2026-05-25','09:00:00','09:30:00',0),(404,1,'2026-05-25','09:30:00','10:00:00',0),(405,1,'2026-05-25','10:00:00','10:30:00',0),(406,1,'2026-05-25','10:30:00','11:00:00',0),(407,1,'2026-05-25','11:00:00','11:30:00',0),(408,1,'2026-05-25','11:30:00','12:00:00',0),(409,1,'2026-05-26','09:00:00','09:30:00',0),(410,1,'2026-05-26','09:30:00','10:00:00',0),(411,1,'2026-05-26','10:00:00','10:30:00',0),(412,1,'2026-05-26','10:30:00','11:00:00',0),(413,1,'2026-05-26','11:00:00','11:30:00',0),(414,1,'2026-05-26','11:30:00','12:00:00',0),(415,1,'2026-05-27','09:00:00','09:30:00',0),(416,1,'2026-05-27','09:30:00','10:00:00',0),(417,1,'2026-05-27','10:00:00','10:30:00',0),(418,1,'2026-05-27','10:30:00','11:00:00',0),(419,1,'2026-05-27','11:00:00','11:30:00',0),(420,1,'2026-05-27','11:30:00','12:00:00',0),(421,1,'2026-05-28','09:00:00','09:30:00',0),(422,1,'2026-05-28','09:30:00','10:00:00',0),(423,1,'2026-05-28','10:00:00','10:30:00',0),(424,1,'2026-05-28','10:30:00','11:00:00',0),(425,1,'2026-05-28','11:00:00','11:30:00',0),(426,1,'2026-05-28','11:30:00','12:00:00',0),(427,1,'2026-05-29','09:00:00','09:30:00',0),(428,1,'2026-05-29','09:30:00','10:00:00',0),(429,1,'2026-05-29','10:00:00','10:30:00',0),(430,1,'2026-05-29','10:30:00','11:00:00',0),(431,1,'2026-05-29','11:00:00','11:30:00',0),(432,1,'2026-05-29','11:30:00','12:00:00',0),(433,1,'2026-05-30','09:00:00','09:30:00',0),(434,1,'2026-05-30','09:30:00','10:00:00',0),(435,1,'2026-05-30','10:00:00','10:30:00',0),(436,1,'2026-05-30','10:30:00','11:00:00',0),(437,1,'2026-05-30','11:00:00','11:30:00',0),(438,1,'2026-05-30','11:30:00','12:00:00',0),(439,1,'2026-05-31','09:00:00','09:30:00',0),(440,1,'2026-05-31','09:30:00','10:00:00',0),(441,1,'2026-05-31','10:00:00','10:30:00',0),(442,1,'2026-05-31','10:30:00','11:00:00',0),(443,1,'2026-05-31','11:00:00','11:30:00',0),(444,1,'2026-05-31','11:30:00','12:00:00',0),(445,1,'2026-06-01','09:00:00','09:30:00',0),(446,1,'2026-06-01','09:30:00','10:00:00',0),(447,1,'2026-06-01','10:00:00','10:30:00',0),(448,1,'2026-06-01','10:30:00','11:00:00',0),(449,1,'2026-06-01','11:00:00','11:30:00',0),(450,1,'2026-06-01','11:30:00','12:00:00',0),(451,1,'2026-06-02','09:00:00','09:30:00',0),(452,1,'2026-06-02','09:30:00','10:00:00',0),(453,1,'2026-06-02','10:00:00','10:30:00',0),(454,1,'2026-06-02','10:30:00','11:00:00',0),(455,1,'2026-06-02','11:00:00','11:30:00',0),(456,1,'2026-06-02','11:30:00','12:00:00',0),(457,1,'2026-06-03','09:00:00','09:30:00',0),(458,1,'2026-06-03','09:30:00','10:00:00',0),(459,1,'2026-06-03','10:00:00','10:30:00',0),(460,1,'2026-06-03','10:30:00','11:00:00',0),(461,1,'2026-06-03','11:00:00','11:30:00',0),(462,1,'2026-06-03','11:30:00','12:00:00',0),(463,1,'2026-06-04','09:00:00','09:30:00',0),(464,1,'2026-06-04','09:30:00','10:00:00',0),(465,1,'2026-06-04','10:00:00','10:30:00',0),(466,1,'2026-06-04','10:30:00','11:00:00',0),(467,1,'2026-06-04','11:00:00','11:30:00',0),(468,1,'2026-06-04','11:30:00','12:00:00',0),(469,1,'2026-06-05','09:00:00','09:30:00',0),(470,1,'2026-06-05','09:30:00','10:00:00',0),(471,1,'2026-06-05','10:00:00','10:30:00',0),(472,1,'2026-06-05','10:30:00','11:00:00',0),(473,1,'2026-06-05','11:00:00','11:30:00',0),(474,1,'2026-06-05','11:30:00','12:00:00',0),(475,1,'2026-06-06','09:00:00','09:30:00',0),(476,1,'2026-06-06','09:30:00','10:00:00',0),(477,1,'2026-06-06','10:00:00','10:30:00',0),(478,1,'2026-06-06','10:30:00','11:00:00',0),(479,1,'2026-06-06','11:00:00','11:30:00',0),(480,1,'2026-06-06','11:30:00','12:00:00',0),(481,1,'2026-06-07','09:00:00','09:30:00',0),(482,1,'2026-06-07','09:30:00','10:00:00',0),(483,1,'2026-06-07','10:00:00','10:30:00',0),(484,1,'2026-06-07','10:30:00','11:00:00',0),(485,1,'2026-06-07','11:00:00','11:30:00',0),(486,1,'2026-06-07','11:30:00','12:00:00',0),(487,1,'2026-06-08','09:00:00','09:30:00',0),(488,1,'2026-06-08','09:30:00','10:00:00',0),(489,1,'2026-06-08','10:00:00','10:30:00',0),(490,1,'2026-06-08','10:30:00','11:00:00',0),(491,1,'2026-06-08','11:00:00','11:30:00',0),(492,1,'2026-06-08','11:30:00','12:00:00',0),(493,1,'2026-06-09','09:00:00','09:30:00',0),(494,1,'2026-06-09','09:30:00','10:00:00',0),(495,1,'2026-06-09','10:00:00','10:30:00',0),(496,1,'2026-06-09','10:30:00','11:00:00',0),(497,1,'2026-06-09','11:00:00','11:30:00',0),(498,1,'2026-06-09','11:30:00','12:00:00',0),(499,1,'2026-06-10','09:00:00','09:30:00',0),(500,1,'2026-06-10','09:30:00','10:00:00',0),(501,1,'2026-06-10','10:00:00','10:30:00',0),(502,1,'2026-06-10','10:30:00','11:00:00',0),(503,1,'2026-06-10','11:00:00','11:30:00',0),(504,1,'2026-06-10','11:30:00','12:00:00',0),(505,1,'2026-06-11','09:00:00','09:30:00',0),(506,1,'2026-06-11','09:30:00','10:00:00',0),(507,1,'2026-06-11','10:00:00','10:30:00',0),(508,1,'2026-06-11','10:30:00','11:00:00',0),(509,1,'2026-06-11','11:00:00','11:30:00',0),(510,1,'2026-06-11','11:30:00','12:00:00',0),(511,1,'2026-06-12','09:00:00','09:30:00',0),(512,1,'2026-06-12','09:30:00','10:00:00',0),(513,1,'2026-06-12','10:00:00','10:30:00',0),(514,1,'2026-06-12','10:30:00','11:00:00',0),(515,1,'2026-06-12','11:00:00','11:30:00',0),(516,1,'2026-06-12','11:30:00','12:00:00',0),(517,1,'2026-06-13','09:00:00','09:30:00',0),(518,1,'2026-06-13','09:30:00','10:00:00',0),(519,1,'2026-06-13','10:00:00','10:30:00',0),(520,1,'2026-06-13','10:30:00','11:00:00',0),(521,1,'2026-06-13','11:00:00','11:30:00',0),(522,1,'2026-06-13','11:30:00','12:00:00',0),(523,1,'2026-06-14','09:00:00','09:30:00',0),(524,1,'2026-06-14','09:30:00','10:00:00',0),(525,1,'2026-06-14','10:00:00','10:30:00',0),(526,1,'2026-06-14','10:30:00','11:00:00',0),(527,1,'2026-06-14','11:00:00','11:30:00',0),(528,1,'2026-06-14','11:30:00','12:00:00',0),(529,1,'2026-06-15','09:00:00','09:30:00',0),(530,1,'2026-06-15','09:30:00','10:00:00',0),(531,1,'2026-06-15','10:00:00','10:30:00',0),(532,1,'2026-06-15','10:30:00','11:00:00',0),(533,1,'2026-06-15','11:00:00','11:30:00',0),(534,1,'2026-06-15','11:30:00','12:00:00',0),(535,1,'2026-06-16','09:00:00','09:30:00',0),(536,1,'2026-06-16','09:30:00','10:00:00',0),(537,1,'2026-06-16','10:00:00','10:30:00',0),(538,1,'2026-06-16','10:30:00','11:00:00',0),(539,1,'2026-06-16','11:00:00','11:30:00',0),(540,1,'2026-06-16','11:30:00','12:00:00',0),(541,1,'2026-06-17','09:00:00','09:30:00',0),(542,1,'2026-06-17','09:30:00','10:00:00',0),(543,1,'2026-06-17','10:00:00','10:30:00',0),(544,1,'2026-06-17','10:30:00','11:00:00',0),(545,1,'2026-06-17','11:00:00','11:30:00',0),(546,1,'2026-06-17','11:30:00','12:00:00',0),(547,1,'2026-06-18','09:00:00','09:30:00',0),(548,1,'2026-06-18','09:30:00','10:00:00',0),(549,1,'2026-06-18','10:00:00','10:30:00',0),(550,1,'2026-06-18','10:30:00','11:00:00',0),(551,1,'2026-06-18','11:00:00','11:30:00',0),(552,1,'2026-06-18','11:30:00','12:00:00',0),(553,1,'2026-06-19','09:00:00','09:30:00',0),(554,1,'2026-06-19','09:30:00','10:00:00',0),(555,1,'2026-06-19','10:00:00','10:30:00',0),(556,1,'2026-06-19','10:30:00','11:00:00',0),(557,1,'2026-06-19','11:00:00','11:30:00',0),(558,1,'2026-06-19','11:30:00','12:00:00',0),(559,1,'2026-06-20','09:00:00','09:30:00',0),(560,1,'2026-06-20','09:30:00','10:00:00',0),(561,1,'2026-06-20','10:00:00','10:30:00',0),(562,1,'2026-06-20','10:30:00','11:00:00',0),(563,1,'2026-06-20','11:00:00','11:30:00',0),(564,1,'2026-06-20','11:30:00','12:00:00',0),(565,1,'2026-06-21','09:00:00','09:30:00',0),(566,1,'2026-06-21','09:30:00','10:00:00',0),(567,1,'2026-06-21','10:00:00','10:30:00',0),(568,1,'2026-06-21','10:30:00','11:00:00',0),(569,1,'2026-06-21','11:00:00','11:30:00',0),(570,1,'2026-06-21','11:30:00','12:00:00',0),(571,1,'2026-06-22','09:00:00','09:30:00',0),(572,1,'2026-06-22','09:30:00','10:00:00',0),(573,1,'2026-06-22','10:00:00','10:30:00',0),(574,1,'2026-06-22','10:30:00','11:00:00',0),(575,1,'2026-06-22','11:00:00','11:30:00',0),(576,1,'2026-06-22','11:30:00','12:00:00',0),(577,1,'2026-06-23','09:00:00','09:30:00',0),(578,1,'2026-06-23','09:30:00','10:00:00',0),(579,1,'2026-06-23','10:00:00','10:30:00',0),(580,1,'2026-06-23','10:30:00','11:00:00',0),(581,1,'2026-06-23','11:00:00','11:30:00',0),(582,1,'2026-06-23','11:30:00','12:00:00',0),(583,1,'2026-06-24','09:00:00','09:30:00',0),(584,1,'2026-06-24','09:30:00','10:00:00',0),(585,1,'2026-06-24','10:00:00','10:30:00',0),(586,1,'2026-06-24','10:30:00','11:00:00',0),(587,1,'2026-06-24','11:00:00','11:30:00',0),(588,1,'2026-06-24','11:30:00','12:00:00',0),(589,1,'2026-06-25','09:00:00','09:30:00',0),(590,1,'2026-06-25','09:30:00','10:00:00',0),(591,1,'2026-06-25','10:00:00','10:30:00',0),(592,1,'2026-06-25','10:30:00','11:00:00',0),(593,1,'2026-06-25','11:00:00','11:30:00',0),(594,1,'2026-06-25','11:30:00','12:00:00',0),(595,1,'2026-06-26','09:00:00','09:30:00',0),(596,1,'2026-06-26','09:30:00','10:00:00',0),(597,1,'2026-06-26','10:00:00','10:30:00',0),(598,1,'2026-06-26','10:30:00','11:00:00',0),(599,1,'2026-06-26','11:00:00','11:30:00',0),(600,1,'2026-06-26','11:30:00','12:00:00',0),(601,1,'2026-06-27','09:00:00','09:30:00',0),(602,1,'2026-06-27','09:30:00','10:00:00',0),(603,1,'2026-06-27','10:00:00','10:30:00',0),(604,1,'2026-06-27','10:30:00','11:00:00',0),(605,1,'2026-06-27','11:00:00','11:30:00',0),(606,1,'2026-06-27','11:30:00','12:00:00',0),(607,1,'2026-06-28','09:00:00','09:30:00',0),(608,1,'2026-06-28','09:30:00','10:00:00',0),(609,1,'2026-06-28','10:00:00','10:30:00',0),(610,1,'2026-06-28','10:30:00','11:00:00',0),(611,1,'2026-06-28','11:00:00','11:30:00',0),(612,1,'2026-06-28','11:30:00','12:00:00',0),(613,1,'2026-06-29','09:00:00','09:30:00',0),(614,1,'2026-06-29','09:30:00','10:00:00',0),(615,1,'2026-06-29','10:00:00','10:30:00',0),(616,1,'2026-06-29','10:30:00','11:00:00',0),(617,1,'2026-06-29','11:00:00','11:30:00',0),(618,1,'2026-06-29','11:30:00','12:00:00',0),(619,1,'2026-06-30','09:00:00','09:30:00',0),(620,1,'2026-06-30','09:30:00','10:00:00',0),(621,1,'2026-06-30','10:00:00','10:30:00',0),(622,1,'2026-06-30','10:30:00','11:00:00',0),(623,1,'2026-06-30','11:00:00','11:30:00',0),(624,1,'2026-06-30','11:30:00','12:00:00',0),(625,1,'2026-07-01','09:00:00','09:30:00',0),(626,1,'2026-07-01','09:30:00','10:00:00',0),(627,1,'2026-07-01','10:00:00','10:30:00',0),(628,1,'2026-07-01','10:30:00','11:00:00',0),(629,1,'2026-07-01','11:00:00','11:30:00',0),(630,1,'2026-07-01','11:30:00','12:00:00',0),(631,1,'2026-07-02','09:00:00','09:30:00',0),(632,1,'2026-07-02','09:30:00','10:00:00',0),(633,1,'2026-07-02','10:00:00','10:30:00',0),(634,1,'2026-07-02','10:30:00','11:00:00',0),(635,1,'2026-07-02','11:00:00','11:30:00',0),(636,1,'2026-07-02','11:30:00','12:00:00',0),(637,1,'2026-07-03','09:00:00','09:30:00',0),(638,1,'2026-07-03','09:30:00','10:00:00',0),(639,1,'2026-07-03','10:00:00','10:30:00',0),(640,1,'2026-07-03','10:30:00','11:00:00',0),(641,1,'2026-07-03','11:00:00','11:30:00',0),(642,1,'2026-07-03','11:30:00','12:00:00',0),(643,1,'2026-07-04','09:00:00','09:30:00',0),(644,1,'2026-07-04','09:30:00','10:00:00',0),(645,1,'2026-07-04','10:00:00','10:30:00',0),(646,1,'2026-07-04','10:30:00','11:00:00',0),(647,1,'2026-07-04','11:00:00','11:30:00',0),(648,1,'2026-07-04','11:30:00','12:00:00',0),(649,1,'2026-07-05','09:00:00','09:30:00',0),(650,1,'2026-07-05','09:30:00','10:00:00',0),(651,1,'2026-07-05','10:00:00','10:30:00',0),(652,1,'2026-07-05','10:30:00','11:00:00',0),(653,1,'2026-07-05','11:00:00','11:30:00',0),(654,1,'2026-07-05','11:30:00','12:00:00',0),(655,1,'2026-07-06','09:00:00','09:30:00',0),(656,1,'2026-07-06','09:30:00','10:00:00',0),(657,1,'2026-07-06','10:00:00','10:30:00',0),(658,1,'2026-07-06','10:30:00','11:00:00',0),(659,1,'2026-07-06','11:00:00','11:30:00',0),(660,1,'2026-07-06','11:30:00','12:00:00',0),(661,1,'2026-07-07','09:00:00','09:30:00',0),(662,1,'2026-07-07','09:30:00','10:00:00',0),(663,1,'2026-07-07','10:00:00','10:30:00',0),(664,1,'2026-07-07','10:30:00','11:00:00',0),(665,1,'2026-07-07','11:00:00','11:30:00',0),(666,1,'2026-07-07','11:30:00','12:00:00',0),(667,1,'2026-07-08','09:00:00','09:30:00',0),(668,1,'2026-07-08','09:30:00','10:00:00',0),(669,1,'2026-07-08','10:00:00','10:30:00',0),(670,1,'2026-07-08','10:30:00','11:00:00',0),(671,1,'2026-07-08','11:00:00','11:30:00',0),(672,1,'2026-07-08','11:30:00','12:00:00',0),(673,1,'2026-07-09','09:00:00','09:30:00',0),(674,1,'2026-07-09','09:30:00','10:00:00',0),(675,1,'2026-07-09','10:00:00','10:30:00',0),(676,1,'2026-07-09','10:30:00','11:00:00',0),(677,1,'2026-07-09','11:00:00','11:30:00',0),(678,1,'2026-07-09','11:30:00','12:00:00',0),(679,1,'2026-07-10','09:00:00','09:30:00',0),(680,1,'2026-07-10','09:30:00','10:00:00',0),(681,1,'2026-07-10','10:00:00','10:30:00',0),(682,1,'2026-07-10','10:30:00','11:00:00',0),(683,1,'2026-07-10','11:00:00','11:30:00',0),(684,1,'2026-07-10','11:30:00','12:00:00',0),(685,1,'2026-07-11','09:00:00','09:30:00',0),(686,1,'2026-07-11','09:30:00','10:00:00',0),(687,1,'2026-07-11','10:00:00','10:30:00',0),(688,1,'2026-07-11','10:30:00','11:00:00',0),(689,1,'2026-07-11','11:00:00','11:30:00',0),(690,1,'2026-07-11','11:30:00','12:00:00',0),(691,1,'2026-07-12','09:00:00','09:30:00',0),(692,1,'2026-07-12','09:30:00','10:00:00',0),(693,1,'2026-07-12','10:00:00','10:30:00',0),(694,1,'2026-07-12','10:30:00','11:00:00',0),(695,1,'2026-07-12','11:00:00','11:30:00',0),(696,1,'2026-07-12','11:30:00','12:00:00',0),(697,1,'2026-07-13','09:00:00','09:30:00',0),(698,1,'2026-07-13','09:30:00','10:00:00',0),(699,1,'2026-07-13','10:00:00','10:30:00',0),(700,1,'2026-07-13','10:30:00','11:00:00',0),(701,1,'2026-07-13','11:00:00','11:30:00',0),(702,1,'2026-07-13','11:30:00','12:00:00',0),(703,1,'2026-07-14','09:00:00','09:30:00',0),(704,1,'2026-07-14','09:30:00','10:00:00',0),(705,1,'2026-07-14','10:00:00','10:30:00',0),(706,1,'2026-07-14','10:30:00','11:00:00',0),(707,1,'2026-07-14','11:00:00','11:30:00',0),(708,1,'2026-07-14','11:30:00','12:00:00',0),(709,1,'2026-07-15','09:00:00','09:30:00',0),(710,1,'2026-07-15','09:30:00','10:00:00',0),(711,1,'2026-07-15','10:00:00','10:30:00',0),(712,1,'2026-07-15','10:30:00','11:00:00',0),(713,1,'2026-07-15','11:00:00','11:30:00',0),(714,1,'2026-07-15','11:30:00','12:00:00',0),(715,1,'2026-07-16','09:00:00','09:30:00',0),(716,1,'2026-07-16','09:30:00','10:00:00',0),(717,1,'2026-07-16','10:00:00','10:30:00',0),(718,1,'2026-07-16','10:30:00','11:00:00',0),(719,1,'2026-07-16','11:00:00','11:30:00',0),(720,1,'2026-07-16','11:30:00','12:00:00',0),(721,1,'2026-07-17','09:00:00','09:30:00',0),(722,1,'2026-07-17','09:30:00','10:00:00',0),(723,1,'2026-07-17','10:00:00','10:30:00',0),(724,1,'2026-07-17','10:30:00','11:00:00',0),(725,1,'2026-07-17','11:00:00','11:30:00',0),(726,1,'2026-07-17','11:30:00','12:00:00',0),(727,1,'2026-07-18','09:00:00','09:30:00',0),(728,1,'2026-07-18','09:30:00','10:00:00',0),(729,1,'2026-07-18','10:00:00','10:30:00',0),(730,1,'2026-07-18','10:30:00','11:00:00',0),(731,1,'2026-07-18','11:00:00','11:30:00',0),(732,1,'2026-07-18','11:30:00','12:00:00',0),(733,1,'2026-07-19','09:00:00','09:30:00',0),(734,1,'2026-07-19','09:30:00','10:00:00',0),(735,1,'2026-07-19','10:00:00','10:30:00',0),(736,1,'2026-07-19','10:30:00','11:00:00',0),(737,1,'2026-07-19','11:00:00','11:30:00',0),(738,1,'2026-07-19','11:30:00','12:00:00',0),(739,1,'2026-07-20','09:00:00','09:30:00',0),(740,1,'2026-07-20','09:30:00','10:00:00',0),(741,1,'2026-07-20','10:00:00','10:30:00',0),(742,1,'2026-07-20','10:30:00','11:00:00',0),(743,1,'2026-07-20','11:00:00','11:30:00',0),(744,1,'2026-07-20','11:30:00','12:00:00',0),(745,1,'2026-07-21','09:00:00','09:30:00',0),(746,1,'2026-07-21','09:30:00','10:00:00',0),(747,1,'2026-07-21','10:00:00','10:30:00',0),(748,1,'2026-07-21','10:30:00','11:00:00',0),(749,1,'2026-07-21','11:00:00','11:30:00',0),(750,1,'2026-07-21','11:30:00','12:00:00',0),(751,1,'2026-07-22','09:00:00','09:30:00',0),(752,1,'2026-07-22','09:30:00','10:00:00',0),(753,1,'2026-07-22','10:00:00','10:30:00',0),(754,1,'2026-07-22','10:30:00','11:00:00',0),(755,1,'2026-07-22','11:00:00','11:30:00',0),(756,1,'2026-07-22','11:30:00','12:00:00',0),(757,1,'2026-07-23','09:00:00','09:30:00',0),(758,1,'2026-07-23','09:30:00','10:00:00',0),(759,1,'2026-07-23','10:00:00','10:30:00',0),(760,1,'2026-07-23','10:30:00','11:00:00',0),(761,1,'2026-07-23','11:00:00','11:30:00',0),(762,1,'2026-07-23','11:30:00','12:00:00',0),(763,1,'2026-07-24','09:00:00','09:30:00',0),(764,1,'2026-07-24','09:30:00','10:00:00',0),(765,1,'2026-07-24','10:00:00','10:30:00',0),(766,1,'2026-07-24','10:30:00','11:00:00',0),(767,1,'2026-07-24','11:00:00','11:30:00',0),(768,1,'2026-07-24','11:30:00','12:00:00',0),(769,1,'2026-07-25','09:00:00','09:30:00',0),(770,1,'2026-07-25','09:30:00','10:00:00',0),(771,1,'2026-07-25','10:00:00','10:30:00',0),(772,1,'2026-07-25','10:30:00','11:00:00',0),(773,1,'2026-07-25','11:00:00','11:30:00',0),(774,1,'2026-07-25','11:30:00','12:00:00',0),(775,1,'2026-07-26','09:00:00','09:30:00',0),(776,1,'2026-07-26','09:30:00','10:00:00',0),(777,1,'2026-07-26','10:00:00','10:30:00',0),(778,1,'2026-07-26','10:30:00','11:00:00',0),(779,1,'2026-07-26','11:00:00','11:30:00',0),(780,1,'2026-07-26','11:30:00','12:00:00',0),(781,1,'2026-07-27','09:00:00','09:30:00',0),(782,1,'2026-07-27','09:30:00','10:00:00',0),(783,1,'2026-07-27','10:00:00','10:30:00',0),(784,1,'2026-07-27','10:30:00','11:00:00',0),(785,1,'2026-07-27','11:00:00','11:30:00',0),(786,1,'2026-07-27','11:30:00','12:00:00',0),(787,1,'2026-07-28','09:00:00','09:30:00',0),(788,1,'2026-07-28','09:30:00','10:00:00',0),(789,1,'2026-07-28','10:00:00','10:30:00',0),(790,1,'2026-07-28','10:30:00','11:00:00',0),(791,1,'2026-07-28','11:00:00','11:30:00',0),(792,1,'2026-07-28','11:30:00','12:00:00',0),(793,1,'2026-07-29','09:00:00','09:30:00',0),(794,1,'2026-07-29','09:30:00','10:00:00',0),(795,1,'2026-07-29','10:00:00','10:30:00',0),(796,1,'2026-07-29','10:30:00','11:00:00',0),(797,1,'2026-07-29','11:00:00','11:30:00',0),(798,1,'2026-07-29','11:30:00','12:00:00',0),(799,1,'2026-07-30','09:00:00','09:30:00',0),(800,1,'2026-07-30','09:30:00','10:00:00',0),(801,1,'2026-07-30','10:00:00','10:30:00',0),(802,1,'2026-07-30','10:30:00','11:00:00',0),(803,1,'2026-07-30','11:00:00','11:30:00',0),(804,1,'2026-07-30','11:30:00','12:00:00',0),(805,1,'2026-07-31','09:00:00','09:30:00',0),(806,1,'2026-07-31','09:30:00','10:00:00',0),(807,1,'2026-07-31','10:00:00','10:30:00',0),(808,1,'2026-07-31','10:30:00','11:00:00',0),(809,1,'2026-07-31','11:00:00','11:30:00',0),(810,1,'2026-07-31','11:30:00','12:00:00',0),(811,1,'2026-08-01','09:00:00','09:30:00',0),(812,1,'2026-08-01','09:30:00','10:00:00',0),(813,1,'2026-08-01','10:00:00','10:30:00',0),(814,1,'2026-08-01','10:30:00','11:00:00',0),(815,1,'2026-08-01','11:00:00','11:30:00',0),(816,1,'2026-08-01','11:30:00','12:00:00',0),(817,1,'2026-08-02','09:00:00','09:30:00',0),(818,1,'2026-08-02','09:30:00','10:00:00',0),(819,1,'2026-08-02','10:00:00','10:30:00',0),(820,1,'2026-08-02','10:30:00','11:00:00',0),(821,1,'2026-08-02','11:00:00','11:30:00',0),(822,1,'2026-08-02','11:30:00','12:00:00',0),(823,1,'2026-08-03','09:00:00','09:30:00',0),(824,1,'2026-08-03','09:30:00','10:00:00',0),(825,1,'2026-08-03','10:00:00','10:30:00',0),(826,1,'2026-08-03','10:30:00','11:00:00',0),(827,1,'2026-08-03','11:00:00','11:30:00',0),(828,1,'2026-08-03','11:30:00','12:00:00',0),(829,1,'2026-08-04','09:00:00','09:30:00',0),(830,1,'2026-08-04','09:30:00','10:00:00',0),(831,1,'2026-08-04','10:00:00','10:30:00',0),(832,1,'2026-08-04','10:30:00','11:00:00',0),(833,1,'2026-08-04','11:00:00','11:30:00',0),(834,1,'2026-08-04','11:30:00','12:00:00',0),(835,1,'2026-08-05','09:00:00','09:30:00',0),(836,1,'2026-08-05','09:30:00','10:00:00',0),(837,1,'2026-08-05','10:00:00','10:30:00',0),(838,1,'2026-08-05','10:30:00','11:00:00',0),(839,1,'2026-08-05','11:00:00','11:30:00',0),(840,1,'2026-08-05','11:30:00','12:00:00',0),(841,1,'2026-08-06','09:00:00','09:30:00',0),(842,1,'2026-08-06','09:30:00','10:00:00',0),(843,1,'2026-08-06','10:00:00','10:30:00',0),(844,1,'2026-08-06','10:30:00','11:00:00',0),(845,1,'2026-08-06','11:00:00','11:30:00',0),(846,1,'2026-08-06','11:30:00','12:00:00',0),(847,1,'2026-08-07','09:00:00','09:30:00',0),(848,1,'2026-08-07','09:30:00','10:00:00',0),(849,1,'2026-08-07','10:00:00','10:30:00',0),(850,1,'2026-08-07','10:30:00','11:00:00',0),(851,1,'2026-08-07','11:00:00','11:30:00',0),(852,1,'2026-08-07','11:30:00','12:00:00',0),(853,1,'2026-08-08','09:00:00','09:30:00',0),(854,1,'2026-08-08','09:30:00','10:00:00',0),(855,1,'2026-08-08','10:00:00','10:30:00',0),(856,1,'2026-08-08','10:30:00','11:00:00',0),(857,1,'2026-08-08','11:00:00','11:30:00',0),(858,1,'2026-08-08','11:30:00','12:00:00',0),(859,1,'2026-08-09','09:00:00','09:30:00',0),(860,1,'2026-08-09','09:30:00','10:00:00',0),(861,1,'2026-08-09','10:00:00','10:30:00',0),(862,1,'2026-08-09','10:30:00','11:00:00',0),(863,1,'2026-08-09','11:00:00','11:30:00',0),(864,1,'2026-08-09','11:30:00','12:00:00',0),(865,1,'2026-08-10','09:00:00','09:30:00',0),(866,1,'2026-08-10','09:30:00','10:00:00',0),(867,1,'2026-08-10','10:00:00','10:30:00',0),(868,1,'2026-08-10','10:30:00','11:00:00',0),(869,1,'2026-08-10','11:00:00','11:30:00',0),(870,1,'2026-08-10','11:30:00','12:00:00',0),(871,1,'2026-08-11','09:00:00','09:30:00',0),(872,1,'2026-08-11','09:30:00','10:00:00',0),(873,1,'2026-08-11','10:00:00','10:30:00',0),(874,1,'2026-08-11','10:30:00','11:00:00',0),(875,1,'2026-08-11','11:00:00','11:30:00',0),(876,1,'2026-08-11','11:30:00','12:00:00',0),(877,1,'2026-08-12','09:00:00','09:30:00',0),(878,1,'2026-08-12','09:30:00','10:00:00',0),(879,1,'2026-08-12','10:00:00','10:30:00',0),(880,1,'2026-08-12','10:30:00','11:00:00',0),(881,1,'2026-08-12','11:00:00','11:30:00',0),(882,1,'2026-08-12','11:30:00','12:00:00',0),(883,1,'2026-08-13','09:00:00','09:30:00',0),(884,1,'2026-08-13','09:30:00','10:00:00',0),(885,1,'2026-08-13','10:00:00','10:30:00',0),(886,1,'2026-08-13','10:30:00','11:00:00',0),(887,1,'2026-08-13','11:00:00','11:30:00',0),(888,1,'2026-08-13','11:30:00','12:00:00',0),(889,1,'2026-08-14','09:00:00','09:30:00',0),(890,1,'2026-08-14','09:30:00','10:00:00',0),(891,1,'2026-08-14','10:00:00','10:30:00',0),(892,1,'2026-08-14','10:30:00','11:00:00',0),(893,1,'2026-08-14','11:00:00','11:30:00',0),(894,1,'2026-08-14','11:30:00','12:00:00',0),(895,1,'2026-08-15','09:00:00','09:30:00',0),(896,1,'2026-08-15','09:30:00','10:00:00',0),(897,1,'2026-08-15','10:00:00','10:30:00',0),(898,1,'2026-08-15','10:30:00','11:00:00',0),(899,1,'2026-08-15','11:00:00','11:30:00',0),(900,1,'2026-08-15','11:30:00','12:00:00',0),(901,1,'2026-08-16','09:00:00','09:30:00',0),(902,1,'2026-08-16','09:30:00','10:00:00',0),(903,1,'2026-08-16','10:00:00','10:30:00',0),(904,1,'2026-08-16','10:30:00','11:00:00',0),(905,1,'2026-08-16','11:00:00','11:30:00',0),(906,1,'2026-08-16','11:30:00','12:00:00',0),(907,1,'2026-08-17','09:00:00','09:30:00',0),(908,1,'2026-08-17','09:30:00','10:00:00',0),(909,1,'2026-08-17','10:00:00','10:30:00',0),(910,1,'2026-08-17','10:30:00','11:00:00',0),(911,1,'2026-08-17','11:00:00','11:30:00',0),(912,1,'2026-08-17','11:30:00','12:00:00',0),(913,1,'2026-08-18','09:00:00','09:30:00',0),(914,1,'2026-08-18','09:30:00','10:00:00',0),(915,1,'2026-08-18','10:00:00','10:30:00',0),(916,1,'2026-08-18','10:30:00','11:00:00',0),(917,1,'2026-08-18','11:00:00','11:30:00',0),(918,1,'2026-08-18','11:30:00','12:00:00',0),(919,1,'2026-08-19','09:00:00','09:30:00',0),(920,1,'2026-08-19','09:30:00','10:00:00',0),(921,1,'2026-08-19','10:00:00','10:30:00',0),(922,1,'2026-08-19','10:30:00','11:00:00',0),(923,1,'2026-08-19','11:00:00','11:30:00',0),(924,1,'2026-08-19','11:30:00','12:00:00',0),(925,1,'2026-08-20','09:00:00','09:30:00',0),(926,1,'2026-08-20','09:30:00','10:00:00',0),(927,1,'2026-08-20','10:00:00','10:30:00',0),(928,1,'2026-08-20','10:30:00','11:00:00',0),(929,1,'2026-08-20','11:00:00','11:30:00',0),(930,1,'2026-08-20','11:30:00','12:00:00',0),(931,1,'2026-08-21','09:00:00','09:30:00',0),(932,1,'2026-08-21','09:30:00','10:00:00',0),(933,1,'2026-08-21','10:00:00','10:30:00',0),(934,1,'2026-08-21','10:30:00','11:00:00',0),(935,1,'2026-08-21','11:00:00','11:30:00',0),(936,1,'2026-08-21','11:30:00','12:00:00',0),(937,1,'2026-08-22','09:00:00','09:30:00',0),(938,1,'2026-08-22','09:30:00','10:00:00',0),(939,1,'2026-08-22','10:00:00','10:30:00',0),(940,1,'2026-08-22','10:30:00','11:00:00',0),(941,1,'2026-08-22','11:00:00','11:30:00',0),(942,1,'2026-08-22','11:30:00','12:00:00',0),(943,1,'2026-08-23','09:00:00','09:30:00',0),(944,1,'2026-08-23','09:30:00','10:00:00',0),(945,1,'2026-08-23','10:00:00','10:30:00',0),(946,1,'2026-08-23','10:30:00','11:00:00',0),(947,1,'2026-08-23','11:00:00','11:30:00',0),(948,1,'2026-08-23','11:30:00','12:00:00',0),(949,1,'2026-08-24','09:00:00','09:30:00',0),(950,1,'2026-08-24','09:30:00','10:00:00',0),(951,1,'2026-08-24','10:00:00','10:30:00',0),(952,1,'2026-08-24','10:30:00','11:00:00',0),(953,1,'2026-08-24','11:00:00','11:30:00',0),(954,1,'2026-08-24','11:30:00','12:00:00',0),(955,1,'2026-08-25','09:00:00','09:30:00',0),(956,1,'2026-08-25','09:30:00','10:00:00',0),(957,1,'2026-08-25','10:00:00','10:30:00',0),(958,1,'2026-08-25','10:30:00','11:00:00',0),(959,1,'2026-08-25','11:00:00','11:30:00',0),(960,1,'2026-08-25','11:30:00','12:00:00',0),(961,1,'2026-08-26','09:00:00','09:30:00',0),(962,1,'2026-08-26','09:30:00','10:00:00',0),(963,1,'2026-08-26','10:00:00','10:30:00',0),(964,1,'2026-08-26','10:30:00','11:00:00',0),(965,1,'2026-08-26','11:00:00','11:30:00',0),(966,1,'2026-08-26','11:30:00','12:00:00',0),(967,1,'2026-08-27','09:00:00','09:30:00',0),(968,1,'2026-08-27','09:30:00','10:00:00',0),(969,1,'2026-08-27','10:00:00','10:30:00',0),(970,1,'2026-08-27','10:30:00','11:00:00',0),(971,1,'2026-08-27','11:00:00','11:30:00',0),(972,1,'2026-08-27','11:30:00','12:00:00',0),(973,1,'2026-08-28','09:00:00','09:30:00',0),(974,1,'2026-08-28','09:30:00','10:00:00',0),(975,1,'2026-08-28','10:00:00','10:30:00',0),(976,1,'2026-08-28','10:30:00','11:00:00',0),(977,1,'2026-08-28','11:00:00','11:30:00',0),(978,1,'2026-08-28','11:30:00','12:00:00',0),(979,1,'2026-08-29','09:00:00','09:30:00',0),(980,1,'2026-08-29','09:30:00','10:00:00',0),(981,1,'2026-08-29','10:00:00','10:30:00',0),(982,1,'2026-08-29','10:30:00','11:00:00',0),(983,1,'2026-08-29','11:00:00','11:30:00',0),(984,1,'2026-08-29','11:30:00','12:00:00',0),(985,1,'2026-08-30','09:00:00','09:30:00',0),(986,1,'2026-08-30','09:30:00','10:00:00',0),(987,1,'2026-08-30','10:00:00','10:30:00',0),(988,1,'2026-08-30','10:30:00','11:00:00',0),(989,1,'2026-08-30','11:00:00','11:30:00',0),(990,1,'2026-08-30','11:30:00','12:00:00',0),(991,1,'2026-08-31','09:00:00','09:30:00',0),(992,1,'2026-08-31','09:30:00','10:00:00',0),(993,1,'2026-08-31','10:00:00','10:30:00',0),(994,1,'2026-08-31','10:30:00','11:00:00',0),(995,1,'2026-08-31','11:00:00','11:30:00',0),(996,1,'2026-08-31','11:30:00','12:00:00',0),(997,1,'2026-09-01','09:00:00','09:30:00',0),(998,1,'2026-09-01','09:30:00','10:00:00',0),(999,1,'2026-09-01','10:00:00','10:30:00',0),(1000,1,'2026-09-01','10:30:00','11:00:00',0),(1001,1,'2026-09-01','11:00:00','11:30:00',0),(1002,1,'2026-09-01','11:30:00','12:00:00',0),(1003,1,'2026-09-02','09:00:00','09:30:00',0),(1004,1,'2026-09-02','09:30:00','10:00:00',0),(1005,1,'2026-09-02','10:00:00','10:30:00',0),(1006,1,'2026-09-02','10:30:00','11:00:00',0),(1007,1,'2026-09-02','11:00:00','11:30:00',0),(1008,1,'2026-09-02','11:30:00','12:00:00',0),(1009,1,'2026-09-03','09:00:00','09:30:00',0),(1010,1,'2026-09-03','09:30:00','10:00:00',0),(1011,1,'2026-09-03','10:00:00','10:30:00',0),(1012,1,'2026-09-03','10:30:00','11:00:00',0),(1013,1,'2026-09-03','11:00:00','11:30:00',0),(1014,1,'2026-09-03','11:30:00','12:00:00',0),(1015,1,'2026-09-04','09:00:00','09:30:00',0),(1016,1,'2026-09-04','09:30:00','10:00:00',0),(1017,1,'2026-09-04','10:00:00','10:30:00',0),(1018,1,'2026-09-04','10:30:00','11:00:00',0),(1019,1,'2026-09-04','11:00:00','11:30:00',0),(1020,1,'2026-09-04','11:30:00','12:00:00',0),(1021,1,'2026-09-05','09:00:00','09:30:00',0),(1022,1,'2026-09-05','09:30:00','10:00:00',0),(1023,1,'2026-09-05','10:00:00','10:30:00',0),(1024,1,'2026-09-05','10:30:00','11:00:00',0),(1025,1,'2026-09-05','11:00:00','11:30:00',0),(1026,1,'2026-09-05','11:30:00','12:00:00',0),(1027,1,'2026-09-06','09:00:00','09:30:00',0),(1028,1,'2026-09-06','09:30:00','10:00:00',0),(1029,1,'2026-09-06','10:00:00','10:30:00',0),(1030,1,'2026-09-06','10:30:00','11:00:00',0),(1031,1,'2026-09-06','11:00:00','11:30:00',0),(1032,1,'2026-09-06','11:30:00','12:00:00',0),(1033,1,'2026-09-07','09:00:00','09:30:00',0),(1034,1,'2026-09-07','09:30:00','10:00:00',0),(1035,1,'2026-09-07','10:00:00','10:30:00',0),(1036,1,'2026-09-07','10:30:00','11:00:00',0),(1037,1,'2026-09-07','11:00:00','11:30:00',0),(1038,1,'2026-09-07','11:30:00','12:00:00',0),(1039,1,'2026-09-08','09:00:00','09:30:00',0),(1040,1,'2026-09-08','09:30:00','10:00:00',0),(1041,1,'2026-09-08','10:00:00','10:30:00',0),(1042,1,'2026-09-08','10:30:00','11:00:00',0),(1043,1,'2026-09-08','11:00:00','11:30:00',0),(1044,1,'2026-09-08','11:30:00','12:00:00',0),(1045,1,'2026-09-09','09:00:00','09:30:00',0),(1046,1,'2026-09-09','09:30:00','10:00:00',0),(1047,1,'2026-09-09','10:00:00','10:30:00',0),(1048,1,'2026-09-09','10:30:00','11:00:00',0),(1049,1,'2026-09-09','11:00:00','11:30:00',0),(1050,1,'2026-09-09','11:30:00','12:00:00',0),(1051,1,'2026-09-10','09:00:00','09:30:00',0),(1052,1,'2026-09-10','09:30:00','10:00:00',0),(1053,1,'2026-09-10','10:00:00','10:30:00',0),(1054,1,'2026-09-10','10:30:00','11:00:00',0),(1055,1,'2026-09-10','11:00:00','11:30:00',0),(1056,1,'2026-09-10','11:30:00','12:00:00',0),(1057,1,'2026-09-11','09:00:00','09:30:00',0),(1058,1,'2026-09-11','09:30:00','10:00:00',0),(1059,1,'2026-09-11','10:00:00','10:30:00',0),(1060,1,'2026-09-11','10:30:00','11:00:00',0),(1061,1,'2026-09-11','11:00:00','11:30:00',0),(1062,1,'2026-09-11','11:30:00','12:00:00',0),(1063,1,'2026-09-12','09:00:00','09:30:00',0),(1064,1,'2026-09-12','09:30:00','10:00:00',0),(1065,1,'2026-09-12','10:00:00','10:30:00',0),(1066,1,'2026-09-12','10:30:00','11:00:00',0),(1067,1,'2026-09-12','11:00:00','11:30:00',0),(1068,1,'2026-09-12','11:30:00','12:00:00',0),(1069,1,'2026-09-13','09:00:00','09:30:00',0),(1070,1,'2026-09-13','09:30:00','10:00:00',0),(1071,1,'2026-09-13','10:00:00','10:30:00',0),(1072,1,'2026-09-13','10:30:00','11:00:00',0),(1073,1,'2026-09-13','11:00:00','11:30:00',0),(1074,1,'2026-09-13','11:30:00','12:00:00',0),(1075,1,'2026-09-14','09:00:00','09:30:00',0),(1076,1,'2026-09-14','09:30:00','10:00:00',0),(1077,1,'2026-09-14','10:00:00','10:30:00',0),(1078,1,'2026-09-14','10:30:00','11:00:00',0),(1079,1,'2026-09-14','11:00:00','11:30:00',0),(1080,1,'2026-09-14','11:30:00','12:00:00',0),(1081,1,'2026-09-15','09:00:00','09:30:00',0),(1082,1,'2026-09-15','09:30:00','10:00:00',0),(1083,1,'2026-09-15','10:00:00','10:30:00',0),(1084,1,'2026-09-15','10:30:00','11:00:00',0),(1085,1,'2026-09-15','11:00:00','11:30:00',0),(1086,1,'2026-09-15','11:30:00','12:00:00',0),(1087,1,'2026-09-16','09:00:00','09:30:00',0),(1088,1,'2026-09-16','09:30:00','10:00:00',0),(1089,1,'2026-09-16','10:00:00','10:30:00',0),(1090,1,'2026-09-16','10:30:00','11:00:00',0),(1091,1,'2026-09-16','11:00:00','11:30:00',0),(1092,1,'2026-09-16','11:30:00','12:00:00',0),(1093,1,'2026-09-17','09:00:00','09:30:00',0),(1094,1,'2026-09-17','09:30:00','10:00:00',0),(1095,1,'2026-09-17','10:00:00','10:30:00',0),(1096,1,'2026-09-17','10:30:00','11:00:00',0),(1097,1,'2026-09-17','11:00:00','11:30:00',0),(1098,1,'2026-09-17','11:30:00','12:00:00',0),(1099,1,'2026-09-18','09:00:00','09:30:00',0),(1100,1,'2026-09-18','09:30:00','10:00:00',0),(1101,1,'2026-09-18','10:00:00','10:30:00',0),(1102,1,'2026-09-18','10:30:00','11:00:00',0),(1103,1,'2026-09-18','11:00:00','11:30:00',0),(1104,1,'2026-09-18','11:30:00','12:00:00',0),(1105,1,'2026-09-19','09:00:00','09:30:00',0),(1106,1,'2026-09-19','09:30:00','10:00:00',0),(1107,1,'2026-09-19','10:00:00','10:30:00',0),(1108,1,'2026-09-19','10:30:00','11:00:00',0),(1109,1,'2026-09-19','11:00:00','11:30:00',0),(1110,1,'2026-09-19','11:30:00','12:00:00',0);
/*!40000 ALTER TABLE `availability_slots` ENABLE KEYS */;
UNLOCK TABLES;

--
-- Table structure for table `departments`
--

DROP TABLE IF EXISTS `departments`;
/*!40101 SET @saved_cs_client     = @@character_set_client */;
/*!50503 SET character_set_client = utf8mb4 */;
CREATE TABLE `departments` (
  `id` int NOT NULL AUTO_INCREMENT,
  `name` varchar(100) NOT NULL,
  `description` varchar(255) DEFAULT NULL,
  PRIMARY KEY (`id`),
  UNIQUE KEY `name` (`name`),
  KEY `ix_departments_id` (`id`)
) ENGINE=InnoDB DEFAULT CHARSET=utf8mb4 COLLATE=utf8mb4_0900_ai_ci;
/*!40101 SET character_set_client = @saved_cs_client */;

--
-- Dumping data for table `departments`
--

LOCK TABLES `departments` WRITE;
/*!40000 ALTER TABLE `departments` DISABLE KEYS */;
/*!40000 ALTER TABLE `departments` ENABLE KEYS */;
UNLOCK TABLES;

--
-- Table structure for table `doctors`
--

DROP TABLE IF EXISTS `doctors`;
/*!40101 SET @saved_cs_client     = @@character_set_client */;
/*!50503 SET character_set_client = utf8mb4 */;
CREATE TABLE `doctors` (
  `id` int NOT NULL AUTO_INCREMENT,
  `user_id` int DEFAULT NULL,
  `specialization` varchar(100) DEFAULT NULL,
  `consultation_fee` decimal(10,2) DEFAULT '500.00',
  `department_id` int DEFAULT NULL,
  PRIMARY KEY (`id`),
  UNIQUE KEY `user_id` (`user_id`),
  CONSTRAINT `doctors_ibfk_1` FOREIGN KEY (`user_id`) REFERENCES `users` (`id`) ON DELETE CASCADE
) ENGINE=InnoDB AUTO_INCREMENT=4 DEFAULT CHARSET=utf8mb4 COLLATE=utf8mb4_0900_ai_ci;
/*!40101 SET character_set_client = @saved_cs_client */;

--
-- Dumping data for table `doctors`
--

LOCK TABLES `doctors` WRITE;
/*!40000 ALTER TABLE `doctors` DISABLE KEYS */;
INSERT INTO `doctors` VALUES (1,1,'General Physician',500.00,1),(2,2,'Cardiologist',800.00,1),(3,3,'Dermatologist',600.00,1);
/*!40000 ALTER TABLE `doctors` ENABLE KEYS */;
UNLOCK TABLES;

--
-- Table structure for table `invoices`
--

DROP TABLE IF EXISTS `invoices`;
/*!40101 SET @saved_cs_client     = @@character_set_client */;
/*!50503 SET character_set_client = utf8mb4 */;
CREATE TABLE `invoices` (
  `id` int NOT NULL AUTO_INCREMENT,
  `appointment_id` int DEFAULT NULL,
  `patient_id` int DEFAULT NULL,
  `doctor_id` int DEFAULT NULL,
  `consultation_fee` decimal(10,2) DEFAULT NULL,
  `tax_amount` decimal(10,2) DEFAULT NULL,
  `total_amount` decimal(10,2) DEFAULT NULL,
  `status` varchar(20) DEFAULT 'pending',
  `created_at` timestamp NULL DEFAULT CURRENT_TIMESTAMP,
  `paid_at` timestamp NULL DEFAULT NULL,
  `refunded_at` timestamp NULL DEFAULT NULL,
  PRIMARY KEY (`id`),
  UNIQUE KEY `appointment_id` (`appointment_id`),
  KEY `patient_id` (`patient_id`),
  KEY `doctor_id` (`doctor_id`),
  CONSTRAINT `invoices_ibfk_1` FOREIGN KEY (`appointment_id`) REFERENCES `appointments` (`id`),
  CONSTRAINT `invoices_ibfk_2` FOREIGN KEY (`patient_id`) REFERENCES `users` (`id`),
  CONSTRAINT `invoices_ibfk_3` FOREIGN KEY (`doctor_id`) REFERENCES `doctors` (`id`)
) ENGINE=InnoDB AUTO_INCREMENT=2 DEFAULT CHARSET=utf8mb4 COLLATE=utf8mb4_0900_ai_ci;
/*!40101 SET character_set_client = @saved_cs_client */;

--
-- Dumping data for table `invoices`
--

LOCK TABLES `invoices` WRITE;
/*!40000 ALTER TABLE `invoices` DISABLE KEYS */;
INSERT INTO `invoices` VALUES (1,21,71,1,500.00,90.00,590.00,'refunded','2026-03-23 15:15:56','2026-03-23 15:35:42',NULL);
/*!40000 ALTER TABLE `invoices` ENABLE KEYS */;
UNLOCK TABLES;

--
-- Table structure for table `patients`
--

DROP TABLE IF EXISTS `patients`;
/*!40101 SET @saved_cs_client     = @@character_set_client */;
/*!50503 SET character_set_client = utf8mb4 */;
CREATE TABLE `patients` (
  `id` int NOT NULL AUTO_INCREMENT,
  `user_id` int DEFAULT NULL,
  `age` int DEFAULT NULL,
  PRIMARY KEY (`id`),
  UNIQUE KEY `user_id` (`user_id`),
  CONSTRAINT `patients_ibfk_1` FOREIGN KEY (`user_id`) REFERENCES `users` (`id`) ON DELETE CASCADE
) ENGINE=InnoDB AUTO_INCREMENT=4 DEFAULT CHARSET=utf8mb4 COLLATE=utf8mb4_0900_ai_ci;
/*!40101 SET character_set_client = @saved_cs_client */;

--
-- Dumping data for table `patients`
--

LOCK TABLES `patients` WRITE;
/*!40000 ALTER TABLE `patients` DISABLE KEYS */;
INSERT INTO `patients` VALUES (1,4,25),(2,5,32),(3,6,40);
/*!40000 ALTER TABLE `patients` ENABLE KEYS */;
UNLOCK TABLES;

--
-- Table structure for table `payments`
--

DROP TABLE IF EXISTS `payments`;
/*!40101 SET @saved_cs_client     = @@character_set_client */;
/*!50503 SET character_set_client = utf8mb4 */;
CREATE TABLE `payments` (
  `id` int NOT NULL AUTO_INCREMENT,
  `invoice_id` int DEFAULT NULL,
  `payment_method` enum('upi','card','cash') DEFAULT NULL,
  `amount` decimal(10,2) DEFAULT NULL,
  `paid_at` timestamp NULL DEFAULT CURRENT_TIMESTAMP,
  PRIMARY KEY (`id`),
  KEY `fk_payment_invoice` (`invoice_id`),
  CONSTRAINT `fk_payment_invoice` FOREIGN KEY (`invoice_id`) REFERENCES `invoices` (`id`)
) ENGINE=InnoDB DEFAULT CHARSET=utf8mb4 COLLATE=utf8mb4_0900_ai_ci;
/*!40101 SET character_set_client = @saved_cs_client */;

--
-- Dumping data for table `payments`
--

LOCK TABLES `payments` WRITE;
/*!40000 ALTER TABLE `payments` DISABLE KEYS */;
/*!40000 ALTER TABLE `payments` ENABLE KEYS */;
UNLOCK TABLES;

--
-- Table structure for table `users`
--

DROP TABLE IF EXISTS `users`;
/*!40101 SET @saved_cs_client     = @@character_set_client */;
/*!50503 SET character_set_client = utf8mb4 */;
CREATE TABLE `users` (
  `id` int NOT NULL AUTO_INCREMENT,
  `name` varchar(100) NOT NULL,
  `email` varchar(100) NOT NULL,
  `password` varchar(255) NOT NULL,
  `role` enum('patient','doctor','admin') NOT NULL,
  `created_at` timestamp NULL DEFAULT CURRENT_TIMESTAMP,
  PRIMARY KEY (`id`),
  UNIQUE KEY `email` (`email`)
) ENGINE=InnoDB AUTO_INCREMENT=74 DEFAULT CHARSET=utf8mb4 COLLATE=utf8mb4_0900_ai_ci;
/*!40101 SET character_set_client = @saved_cs_client */;

--
-- Dumping data for table `users`
--

LOCK TABLES `users` WRITE;
/*!40000 ALTER TABLE `users` DISABLE KEYS */;
INSERT INTO `users` VALUES (1,'Dr Smith','doc1@test.com','123','doctor','2026-03-19 18:20:47'),(2,'Dr Adams','doc2@test.com','123','doctor','2026-03-19 18:20:47'),(3,'Dr Lee','doc3@test.com','123','doctor','2026-03-19 18:20:47'),(4,'John Doe','p1@test.com','123','patient','2026-03-19 18:20:47'),(5,'Alice Brown','p2@test.com','123','patient','2026-03-19 18:20:47'),(6,'Bob White','p3@test.com','123','patient','2026-03-19 18:20:47'),(7,'Dhruv','dhruv@test.com','scrypt:32768:8:1$z9KxKVGnNPLEperA$0c2ca501def560f94e6e5973b2223517f3ab399c25e05a386da15f17a76e0fcba5288d5db904800d83ead1358a7b079fa12e61d4941d8042969106242ca109d6','patient','2026-03-20 09:58:52'),(8,'Mayank','mayank@test.com','scrypt:32768:8:1$mV0BXOCJzXlrJmLF$07a063938f557b8854c0540e2dd4959f658f5e3ee7a6cfe2f658a6581ef56f13b3ff38e1d6566ed3943f5422b53aa6f99b88b046d0f4395daf7535000910c209','patient','2026-03-20 10:11:29'),(9,'User1','user1@test.com','scrypt:32768:8:1$Ioc4a23MLa5RLfxa$3801c57027ac39a0f806902717ac80c112a7a9a55ebfe37d6404a29a012842db996c0147e7fcdbb317cf05f7bd468f19f0c8a8c062b706588016dee192e53639','patient','2026-03-20 12:09:06'),(10,'User2','user2@test.com','scrypt:32768:8:1$r5aeaIcJfbDq8BIU$78748638e302e673ea89b09ff288e512688ff96066ab02b3ec1108429e24239fb14413c7fa21dc08ef4b684bc6cb577c077b35e8e7bea9265fb3f4cbc4d76a54','patient','2026-03-20 12:09:06'),(11,'User3','user3@test.com','scrypt:32768:8:1$NeC6o3HlJBbrHRJj$84fb327b428e5a1544d460e9a65fb62d1f4edbdf5666e69f10267b205b474307f59cab5217bef3553773d8159347c9e4680c067c490a22548126d0317c65adcc','patient','2026-03-20 12:09:06'),(12,'User4','user4@test.com','scrypt:32768:8:1$MuQZivTt2wtEOQa2$64cb805a2e9baee334bf9af461502b727410e1df7e6ad71d197a82ece8005cac91f764e0b681f8aff2f5f666ebcb49660cf2a4be451974742442bb0e79fb86ca','patient','2026-03-20 12:09:06'),(13,'User5','user5@test.com','scrypt:32768:8:1$k4DdvTw4G6n5Gido$ca6c1d90fd9e83a4879aabe0ffefe63744b15dc6cb092eac319b4f0b31e5eb4fe78fd60f3a02eb29391dba4813aeb6200f16c233ebdc445d5c9f09cc0197e8bb','patient','2026-03-20 12:09:06'),(14,'User6','user6@test.com','scrypt:32768:8:1$DaWnkTXn2AHwxXC5$c3be8951e28cd5038226e3683a5dbd4a7349180b745494fc52fa514f4bcf70d3cacdafbb736646e340e05cb2f68c8c63ca85046a1f8700dc85b627e4d0404eda','patient','2026-03-20 12:09:06'),(15,'User7','user7@test.com','scrypt:32768:8:1$0ijUE9U1k6qRlZXL$caa346a3a5d5e9efad8b4c90983db987870481b09b6b14e30b7261367eeecfca6e89d4e585c1a42ca709509966dbc68facd70699bf437e08bb7daa1fc296c759','patient','2026-03-20 12:09:07'),(16,'User8','user8@test.com','scrypt:32768:8:1$mqGhG5iQdbwrEr3G$64fad8959daa4e803f1f4b05864580a598cf52e86a17fd854eab00f2c4d858c9513ced8387694a6e56a98a42099ca66721e71b5af4b013abce2544f72cbc533d','patient','2026-03-20 12:09:07'),(17,'User9','user9@test.com','scrypt:32768:8:1$OxtMq2IBP7zbxn4I$5e1c31867d620cef99601a635d5e17842fbf9eabfdda23723df3c3dce6822369c488e27a8eff250731dee22db334cfe7d0b3ebd36c08e0b195da564bcf7a2d0c','patient','2026-03-20 12:09:07'),(18,'User10','user10@test.com','scrypt:32768:8:1$y9JJypuxRnb2wyeI$fae2681d26483809eda0f76e2fc643215ab7e98ecb9f6611b255aa468e7d3c39e8f40e35ba149dd58f0418f7c7ab209e8edced4bafa57078a9b3218f7d20d4d7','patient','2026-03-20 12:09:07'),(19,'Test User','testuser@mail.com','scrypt:32768:8:1$ElkHlXI003QMKhHJ$04f553909e94f43bcb2082d001a91a6ac38fb01fdfd19dfb1adac7ab8c34494c7888ae1e70b69d30a3837efa71e1f9e2f278b1b36924d176868d262545c3a6fb','patient','2026-03-20 21:30:01'),(20,'RaceUser0','race_user_1774043909_0@test.com','scrypt:32768:8:1$9qWFHAVaZiewPMbw$5397e48616e55947414cbb6971e0c061b73f57f3f28e17c676e86ee7d606489096cd21f7d72286c59a12c282eed1f59cc8dbb963e8c981468e84aa1e21b0ecff','patient','2026-03-20 21:58:30'),(21,'RaceUser1','race_user_1774043910_1@test.com','scrypt:32768:8:1$X2cXdzKhf12fpxGu$a8ce4dc65956e1eef7748485f4dde9b7ddcb0db4fac971a5182f954a9fc1a03dd6ca452f011f2b8be8e186aaeb289a0aef25c90d1ee75fe4b7207fde9098d7a9','patient','2026-03-20 21:58:30'),(22,'RaceUser2','race_user_1774043910_2@test.com','scrypt:32768:8:1$pasfCrTKrbTB3bWQ$772779baa681b9a9756a7fcfcbf882237aa15f9a65ca3ef07a39092e00090f0fccba5abf80f62c8404c5e19012dc3ff90fe23293f097112c9495436b0d2448f9','patient','2026-03-20 21:58:30'),(23,'RaceUser3','race_user_1774043910_3@test.com','scrypt:32768:8:1$KYRVHeSWssopC9X3$4dbf22b9ef9424a974eb8ceed15bdf2cf18a7201879b861d038c242ca1001464f0e4c25980bdac9d104282efa42e9f2b3e27647ef05a0e40ad990ed5678462df','patient','2026-03-20 21:58:30'),(24,'RaceUser4','race_user_1774043910_4@test.com','scrypt:32768:8:1$1vca5wgxm8ZsG6nw$c1fcc6a6708b6f6c019526515633c27f6fb2b5f81cf854f8c2971da32e78b220d05f893c44e78a7c3eb2f30e299cc93d358b6077c9adc11966f105e3a1179f4c','patient','2026-03-20 21:58:30'),(25,'RaceUser5','race_user_1774043910_5@test.com','scrypt:32768:8:1$UK0ouCHFsZCVKcIo$fb63a577f8252da7b16fdca7c1f6e0959ed601715655da558bc0865f21ae31f96d57c3e82ce4c1e55fc0f854f6d33dd255c0b470e7f7b962f18b970081e4932b','patient','2026-03-20 21:58:30'),(26,'RaceUser6','race_user_1774043910_6@test.com','scrypt:32768:8:1$nxtJq1EcuOMJ1dOR$68252a2380a41210a2b243cfd57ed4102079a6a68bdb09a215c53e4118d3e74e069650ab0614bb7c3d6af6bb757a1528d11e8d2b501e3ac2e744c6fb40aecfb8','patient','2026-03-20 21:58:30'),(27,'RaceUser7','race_user_1774043910_7@test.com','scrypt:32768:8:1$I5sJzgz1aVL6QQsq$64a52a704fddf6c8c50159a69ca230110ab08afa76c6cc53b0083614da96cf20f84948c83c3425c70204fb40e1c5c2617cd19ae8a7fc864a15f55c7c79b8f212','patient','2026-03-20 21:58:30'),(28,'RaceUser8','race_user_1774043910_8@test.com','scrypt:32768:8:1$PJtQYRNsk0CSJHje$bb04a95628f8cda04b465db40c09e8eedb3d465a176bd29c66321492d4c4bdafbea477f3ca342fb51406452e23a909dff2ee1f359d55fcd8c4f6a5bed5255566','patient','2026-03-20 21:58:30'),(29,'RaceUser9','race_user_1774043911_9@test.com','scrypt:32768:8:1$nbgc6fuHzXEOP44a$3b1df7f94182e6e325e72ee94a2c8ffcc7247a69039933a5b0187d3f2af99ecf47087895400b330afdc5c381893bbd3e2661e37ea0e7cc22b87327b4588fa5de','patient','2026-03-20 21:58:31'),(30,'RaceUser0','race_user_1774044049_0@test.com','scrypt:32768:8:1$Io445fg5QQ2gSEi1$d91689724dfff4425a60881d9347c1cfc7b98322aefe7cf01f14f4f58c6514a4c3a2f9f7d2a2f86c1521e7d77095a8b11812270186e77668749a1284a9bca4c1','patient','2026-03-20 22:00:49'),(31,'RaceUser1','race_user_1774044050_1@test.com','scrypt:32768:8:1$gkuimkn5KdbRVuQP$159e48ed37550ac128efb05a96853cf8ecfbc078d4fd6a6c52fe0e94b88964c068190981b7a9f1260e50265035aaf262f82a5ba97218bbe794858836a88149d9','patient','2026-03-20 22:00:50'),(32,'RaceUser2','race_user_1774044050_2@test.com','scrypt:32768:8:1$sOvqFQTMEBhY0PJL$be3dc5413fc9c53222de1697c3f866914de5cb8e60140f74f911b1d0b5e1158ee847ae4f4db97270db337f30dae79d5effbbd5c5bbe74c29b29902ff84f8a31c','patient','2026-03-20 22:00:50'),(33,'RaceUser3','race_user_1774044050_3@test.com','scrypt:32768:8:1$KX15EiP2CQhRQkKU$3a84d64b6c903047a3f4a773054217d5d85ae17cf185a7aef3fff269089b50433a6c59e4a794f3289d601791fe4399b75bdffdf215570276d05c1558477a1e81','patient','2026-03-20 22:00:50'),(34,'RaceUser4','race_user_1774044050_4@test.com','scrypt:32768:8:1$g0GB3iYqjGYCtbZ4$66b5f16a32a7c7025c05f3964410b2faffe1f19137593831f5d405aebfcf3435ead3d5087249cedf5388311b48779dfb19c088dc4a4298213d7d53f7127d88f8','patient','2026-03-20 22:00:50'),(35,'RaceUser5','race_user_1774044050_5@test.com','scrypt:32768:8:1$7qz87cnHHZQTv8nY$9035f62bdedba644e9c4947a3dfa19fb17ecad80b9ec03776971da6ce88fa3d8cd5ea1a5a5c04e25a7456bcf5ffbc0d076d66db369cfffb2c7393c485e7742e1','patient','2026-03-20 22:00:50'),(36,'RaceUser6','race_user_1774044050_6@test.com','scrypt:32768:8:1$3sRXt7zVmRGaQasB$594f16812ff3f87123964b257fe8eb93363724a615853c59ebef0daa10a9769d67b7d27b2f106997bc1ca4c74210c39b1755dd86c0b1cdaabbb1cb9fe123b566','patient','2026-03-20 22:00:50'),(37,'RaceUser7','race_user_1774044050_7@test.com','scrypt:32768:8:1$iDkcBE8jujObqZSo$0984ac6f06db555a2f67483806f3630270bfd5f35febe194068d27c4b999be904d200c96d4dbe739d40ec09ae71a581e58954eb0ed2316fa0a29b72795e33013','patient','2026-03-20 22:00:50'),(38,'RaceUser8','race_user_1774044050_8@test.com','scrypt:32768:8:1$ua5ul6RjlG7GKKWV$0906e268aeffb7ba8aedbe4b8c47217f424b5eb128b749b075a6e54d4fca986465919ed4a5f8935dec26715a7d0929a76485e9b10268e0e5082063eec88ef0fe','patient','2026-03-20 22:00:50'),(39,'RaceUser9','race_user_1774044050_9@test.com','scrypt:32768:8:1$Gep8xQnbZCKuQr7t$bd227928ff9c635d6a2c1b7cdbbf3959966b36cd9414d929798fd618e66c3b838625c5c7da70ca84a140a307753739b3e67f8d509b05fa80ba23681a662b6bb4','patient','2026-03-20 22:00:50'),(40,'RaceUser0','race_user_1774044323_0@test.com','scrypt:32768:8:1$qmOl3s6As8Vt7z8D$e1505899fd64dfeb6ae4c6eea39e242ae5285a1d21257d251a934b9500d4d7edfc1eeebabdaaaaddd8a87098b4d14550971b49688dbcde880145a2820a5280dc','patient','2026-03-20 22:05:24'),(41,'RaceUser1','race_user_1774044324_1@test.com','scrypt:32768:8:1$nNxpML7aAy5hLqxP$36f65c321c99d710326b57d6b0745803458f0169094ee495c710c8c6415ccd75be7bf4242908027eccbed1ca832e52c989256521290ac685aa10b1de45dfb8c6','patient','2026-03-20 22:05:24'),(42,'RaceUser2','race_user_1774044324_2@test.com','scrypt:32768:8:1$Q4Fy3wmY9a0FUcy8$d0a89abf83d869bfe1ef0ec8a4eabdc5e0e899bda853307c8eb0b871c72c6ba008d9e38d980c1f1404ceb20aad5ff6edf4da7de4980fa3fe92bbebd7398f77e8','patient','2026-03-20 22:05:24'),(43,'RaceUser3','race_user_1774044324_3@test.com','scrypt:32768:8:1$qeDn8FX7DPnvMWzS$5b09cefceaf79426ce2da330bb22e5cf6a342e9575004b7682059ae0255864ca78a5aa061c1c68c19946d282d2c6acaba7cb3b3360f5ede1301f5f62261faabf','patient','2026-03-20 22:05:24'),(44,'RaceUser4','race_user_1774044324_4@test.com','scrypt:32768:8:1$iZ6Y4eZxchFLxCWa$e9291f054208d3950c1cce5ca4ac41113c5525b2ba794b1d5eddfdf2ef8f7f9d7d3093fa98eed06a33ca867396b1a6ea89bf17c78ad72fec7235d06bf6599fd0','patient','2026-03-20 22:05:24'),(45,'RaceUser5','race_user_1774044324_5@test.com','scrypt:32768:8:1$x0XiwZa1b5uzQdi8$732568e57511441f9ce004fd0786d81da154c292193b0b8c455fd941cff95172ad0623f22ff404520b9a6f014c7d38f2b41360fba0575c034af7664358d55d1c','patient','2026-03-20 22:05:24'),(46,'RaceUser6','race_user_1774044324_6@test.com','scrypt:32768:8:1$OeglpeHWW9YXkBDz$03f87e5d6d04e91eab6f8b85a3152b917c661078acf26266385e473f0207186a493eae6cf992f6a820a68f21f314201ccb0a7d3d3a76d75cc959c63bf5927b3f','patient','2026-03-20 22:05:24'),(47,'RaceUser7','race_user_1774044324_7@test.com','scrypt:32768:8:1$I83mr1SXHO5SSPPS$6b728d3f58a84f9f3f95c1bdd6c3f6b4228af51f1cbbb52f92864c5aa9381097592c6261a4f94aeb8ba3240ebc83059842a0e9b773f532de0fb3bad0422c8d9f','patient','2026-03-20 22:05:24'),(48,'RaceUser8','race_user_1774044325_8@test.com','scrypt:32768:8:1$ooUvSUyrjmxW4U0l$ea4e5354f64f6ef4715057035f8b5648e04b9fa03a4725de6ac7247a3b70aa151dff67592f528fcbff57a3a52363dfad5f13f0bec6ee05432cd2b126aec4ae3b','patient','2026-03-20 22:05:25'),(49,'RaceUser9','race_user_1774044325_9@test.com','scrypt:32768:8:1$zL2HYikQM57CaNyz$47319667f867a134eb15985281f7e972a7dd3a8ceea31f2ec1d6f3ec7a282fe29f6ae499da5762afd76cd939ea41e05c423eb5ed1a7253b4846f66ba52275f4b','patient','2026-03-20 22:05:25'),(50,'RaceUser0','race_user_1774044387_0@test.com','scrypt:32768:8:1$1B8qzpYgLggU6QN7$226855f286eca97435231221eca328abe31b72c8eb297ca5f205036b5610c4d6446caa4c9d7e9e3844955590464ce3cf543d050936608948b5f3c406e88e992f','patient','2026-03-20 22:06:27'),(51,'RaceUser1','race_user_1774044387_1@test.com','scrypt:32768:8:1$wszeohgQ60Pla6tR$e84ecd5c668907f471eb3382515ebef62dd24a4e91a05ba45df3eab40631ccf9575dcbe1c5f6a515526d04e8e576c64e1cb425ed22102a61c072f242015fcd81','patient','2026-03-20 22:06:27'),(52,'RaceUser2','race_user_1774044387_2@test.com','scrypt:32768:8:1$4LBgp0PB4IgowQUC$b91c913ea009649b4580365e1c08595d491551430f9ff102460c59ce922f9e8a9c51504cf7a70e0be307e0ea2408fd7473311ccc751789d88cdb36db09a1b776','patient','2026-03-20 22:06:27'),(53,'RaceUser3','race_user_1774044387_3@test.com','scrypt:32768:8:1$I50kIODnnH6vK1HR$9599517694c6948a4c921a727cc2f3785294c92aca684866ee9218d77d49544c114a77323b95127cb78e41a627cc9475d52c9853bc05db8caebeb2b3aee51e88','patient','2026-03-20 22:06:27'),(54,'RaceUser4','race_user_1774044387_4@test.com','scrypt:32768:8:1$giqPeXLilLmYAHjc$27726b02a8e6a48c99ff4267b313e6b1ddbe98efeb703025a8f63cf95ec19ea1da9a406cf290dc6f6ea0094469009516e0631a3df25e0e121953474ec3931cf4','patient','2026-03-20 22:06:27'),(55,'RaceUser5','race_user_1774044387_5@test.com','scrypt:32768:8:1$yX8HpB6t20nZaW5c$9becfe4dc6db2f19fbb5755600ad3b92ffb924808071fbad9ca11f7a04c25653efe265f5825536f777d62eae304b09c344265b0d8f75c89c51a35a12ceaf831d','patient','2026-03-20 22:06:27'),(56,'RaceUser6','race_user_1774044387_6@test.com','scrypt:32768:8:1$nVuz3sNZEfRPgsOx$ecf8295d374c0300144f20d0366cb153d543c187b22ac58d848d3bc4b5b03a5bd70fe9bd4b583879adff1c39bd4e0322cb17e7c4a6b7049c784d775386af1ef1','patient','2026-03-20 22:06:27'),(57,'RaceUser7','race_user_1774044387_7@test.com','scrypt:32768:8:1$bs5fkXIbmSlqKzur$278c14a603763e5fd90a28b241fcc7337294d2caa7bcbdde59187e48f26310447664da054cb6300caeca4eb3744b1342923507b13752b3a56ab759c7e6b75c4d','patient','2026-03-20 22:06:27'),(58,'RaceUser8','race_user_1774044387_8@test.com','scrypt:32768:8:1$SxcP94S5JdGuDqk4$43396be998d7871ee1ae3fedb8a0de79793c76b8388512533d46bd3dbd9ac286ee97f8af597213408067b4131b1818769fc619757db07f005e53df8705861d9d','patient','2026-03-20 22:06:28'),(59,'RaceUser9','race_user_1774044388_9@test.com','scrypt:32768:8:1$WOKxaczbiDFjqeRW$362b239dd25aef65921ac8186abd4e22b6b8237268e751c6872fdf2c284ebb554eccf9741f70b660c8d1e0a5f4a231d4970d9b0eb07da78338f805d52703b15f','patient','2026-03-20 22:06:28'),(60,'Test User','p5@test.com','scrypt:32768:8:1$ItV28gb1QOqWZIl9$48d1a32d3232849da979744de2acd596a8c1f4bba4626cc418bf7a6c30e48dc38eba7b710e0d91b526021e01b28aa8732a4b9db9580f593f20f3f1ed74cea871','patient','2026-03-20 22:26:18'),(61,'Test User','p5_1774045817@test.com','scrypt:32768:8:1$1SnCfp9oyBmcYMUH$d0696ad7e1425cc148e71f7a994fd0abc2deeaefd3add6f383f6bed0311b0ad0ed30e5cd5ce6857f1c11a1b9bb96a943082441a7082d18c9de7e603c2855a619','patient','2026-03-20 22:30:17'),(62,'Test User','p5_1774045863@test.com','scrypt:32768:8:1$lGA0fCcwUngqZ1CI$261b8fa9d07c8e646446a20151aeb4e57c367938f8437b22fe3e8938218bc37bcec8df0be6cf8cf794ac0278808fd1e8be42240f25c7a9c3ba20f1f03982a337','patient','2026-03-20 22:31:03'),(63,'Test User','p5_1774046284@test.com','scrypt:32768:8:1$QmdfNwyhQwgOLDzD$3180876a5e961c0309059a11ccefb4ee1489e59915010f42b186b3e4cea39a4d07e0629f01663a244fc1464da5b1d94f1b0fcd462b82b888edb45e138689e17f','patient','2026-03-20 22:38:04'),(64,'Test User','p5_1774048952@test.com','scrypt:32768:8:1$mfYoGQOptYgRn8C0$0a5dceb991b4f5e3186e718da261c32ff7cbdbee8cfe20f5ecb31381c5a94c4f2c039c32233345b0256aceca8b32fbd9602ac25b0983c292172650185fc96281','patient','2026-03-20 23:22:32'),(65,'Test User','p5_1774049231@test.com','scrypt:32768:8:1$xIC0h3vlxTDanGn1$5443e267d7a430f737ef798fd4720daa3fec3567b97f081a14d91e5183fe4951449ceddd32a7dc90b1163143e8678a44756243a8e836f1c9497a835a6ef7657d','patient','2026-03-20 23:27:11'),(66,'Test User','p5_1774049973@test.com','scrypt:32768:8:1$8jZixY5rrbIP9p79$4b5b077de31b33f30986257d95f8a6697371c0aa1095270f303c226410ff8ae813769ff6ee339705bdcab486e4b758324e6ee62e2a79bd0423512df424644a1a','patient','2026-03-20 23:39:33'),(67,'Test User','p5_1774057592@test.com','scrypt:32768:8:1$ezjEw0YVmnSjkcbO$961fe27c49fb98413e6511069964da096bacde67d3e7dd01624fad44916492bd8ec94e5eaaf5a85e068b8f6b32cae24664bdb38b876cd52d65050bae3d2fe9e0','patient','2026-03-21 01:46:32'),(68,'Test User','test@example.com','scrypt:32768:8:1$7zv4qu59DjSxlzlm$39e1e382962dac202f5ff152003886e709344a38eb61460fc35f56a02f090b8c06f3f6b08e93845c028b0f85d37334a69e9f3b6c1cb359be8f08a353e733bea0','patient','2026-03-23 19:00:38'),(69,'Test User1','test1@example.com','scrypt:32768:8:1$v0ppj7WniZD9FueM$51d0f33202bc28917fa71d2fde6c34e18186804af554bc4edccdf172eacaab30419b21b66e0b1c96d6609694273c7684739d708038272147033b1ae9708598b7','patient','2026-03-23 19:06:03'),(70,'Dhruv','dhruv1@test.com','scrypt:32768:8:1$XUxb6RsCqCHkszyL$306e0ee7c32542405a86cef22f6a05bbe939c402ae02a6982346dd93d14896c61e357ccff0e141d11cbec8a579e07c62fdb54b5b8f025380d17c9da0f5f5f19d','patient','2026-03-23 19:13:53'),(71,'Avanti','avanti@test.com','scrypt:32768:8:1$Q0L48oxO7MQaoqyE$6bc6ce1eac0f565ec6925f81369559f06cda9b9b9f47deb3ac941f4f449ecdd00e51cdb36a9c0c5743cd32c3d86362592b6f2f71b4a8686731d3a805dc2e42a2','patient','2026-03-23 20:20:06'),(72,'Dr. Strange','doctor1@example.com','scrypt:32768:8:1$uyN7Ai5ApVlQy7Ku$f9184bb5db2877d33d5c7e31b2072c0706871daf4e547e95a94e47fa551896186f2dc2e7dab6342efc3905c2b0a685e7f24b19126a523904fa8e4a484dff5e6d','doctor','2026-03-24 08:06:40'),(73,'Dr. Batra','doctor2@example.com','scrypt:32768:8:1$YyWPLzECFZwEFt7v$e32b3bcae14900fe1c93a2ba0ce3bc1494ebde249516162016322e9caf5cfe546aa0c6badb056c09c18e169f6d580160064141a6258e42e929d7e1d77daccf3a','doctor','2026-03-24 08:27:01');
/*!40000 ALTER TABLE `users` ENABLE KEYS */;
UNLOCK TABLES;

--
-- Final view structure for view `appointment_details`
--

/*!50001 DROP VIEW IF EXISTS `appointment_details`*/;
/*!50001 SET @saved_cs_client          = @@character_set_client */;
/*!50001 SET @saved_cs_results         = @@character_set_results */;
/*!50001 SET @saved_col_connection     = @@collation_connection */;
/*!50001 SET character_set_client      = utf8mb4 */;
/*!50001 SET character_set_results     = utf8mb4 */;
/*!50001 SET collation_connection      = utf8mb4_0900_ai_ci */;
/*!50001 CREATE ALGORITHM=UNDEFINED */
/*!50013 DEFINER=`root`@`localhost` SQL SECURITY DEFINER */
/*!50001 VIEW `appointment_details` AS select `a`.`id` AS `id`,`u_p`.`name` AS `patient`,`u_d`.`name` AS `doctor`,`d`.`specialization` AS `specialization`,`s`.`date` AS `date`,`s`.`start_time` AS `start_time`,`s`.`end_time` AS `end_time`,`a`.`status` AS `status` from (((((`appointments` `a` join `patients` `p` on((`a`.`patient_id` = `p`.`id`))) join `users` `u_p` on((`p`.`user_id` = `u_p`.`id`))) join `doctors` `d` on((`a`.`doctor_id` = `d`.`id`))) join `users` `u_d` on((`d`.`user_id` = `u_d`.`id`))) join `availability_slots` `s` on((`a`.`slot_id` = `s`.`id`))) */;
/*!50001 SET character_set_client      = @saved_cs_client */;
/*!50001 SET character_set_results     = @saved_cs_results */;
/*!50001 SET collation_connection      = @saved_col_connection */;
SET @@SESSION.SQL_LOG_BIN = @MYSQLDUMP_TEMP_LOG_BIN;
/*!40103 SET TIME_ZONE=@OLD_TIME_ZONE */;

/*!40101 SET SQL_MODE=@OLD_SQL_MODE */;
/*!40014 SET FOREIGN_KEY_CHECKS=@OLD_FOREIGN_KEY_CHECKS */;
/*!40014 SET UNIQUE_CHECKS=@OLD_UNIQUE_CHECKS */;
/*!40101 SET CHARACTER_SET_CLIENT=@OLD_CHARACTER_SET_CLIENT */;
/*!40101 SET CHARACTER_SET_RESULTS=@OLD_CHARACTER_SET_RESULTS */;
/*!40101 SET COLLATION_CONNECTION=@OLD_COLLATION_CONNECTION */;
/*!40111 SET SQL_NOTES=@OLD_SQL_NOTES */;

-- Dump completed on 2026-03-30 20:32:31
